DATE,OPEN,HIGH,LOW,CLOSE
01/29/1993,12.100000,12.100000,12.100000,12.100000
02/01/1993,12.290000,12.290000,12.290000,12.290000
02/02/1993,11.720000,11.720000,11.720000,11.720000
02/03/1993,11.630000,11.630000,11.630000,11.630000
02/04/1993,12.360000,12.360000,12.360000,12.360000
02/05/1993,12.800000,12.800000,12.800000,12.800000
02/08/1993,13.090000,13.090000,13.090000,13.090000
02/09/1993,12.830000,12.830000,12.830000,12.830000
02/10/1993,13.400000,13.400000,13.400000,13.400000
02/11/1993,12.900000,12.900000,12.900000,12.900000
02/12/1993,12.810000,12.810000,12.810000,12.810000
02/16/1993,12.710000,12.710000,12.710000,12.710000
02/17/1993,15.900000,15.900000,15.900000,15.900000
02/18/1993,15.580000,15.580000,15.580000,15.580000
02/19/1993,15.100000,15.100000,15.100000,15.100000
02/22/1993,14.200000,14.200000,14.200000,14.200000
02/23/1993,14.280000,14.280000,14.280000,14.280000
02/24/1993,14.760000,14.760000,14.760000,14.760000
02/25/1993,14.480000,14.480000,14.480000,14.480000
02/26/1993,13.760000,13.760000,13.760000,13.760000
03/01/1993,12.750000,12.750000,12.750000,12.750000
03/02/1993,12.930000,12.930000,12.930000,12.930000
03/03/1993,12.360000,12.360000,12.360000,12.360000
03/04/1993,12.500000,12.500000,12.500000,12.500000
03/05/1993,13.340000,13.340000,13.340000,13.340000
03/08/1993,13.170000,13.170000,13.170000,13.170000
03/09/1993,14.850000,14.850000,14.850000,14.850000
03/10/1993,13.870000,13.870000,13.870000,13.870000
03/11/1993,12.980000,12.980000,12.980000,12.980000
03/12/1993,14.120000,14.120000,14.120000,14.120000
03/15/1993,14.680000,14.680000,14.680000,14.680000
03/16/1993,14.870000,14.870000,14.870000,14.870000
03/17/1993,14.710000,14.710000,14.710000,14.710000
03/18/1993,15.370000,15.370000,15.370000,15.370000
03/19/1993,14.590000,14.590000,14.590000,14.590000
03/22/1993,13.930000,13.930000,13.930000,13.930000
03/23/1993,13.750000,13.750000,13.750000,13.750000
03/24/1993,13.520000,13.520000,13.520000,13.520000
03/25/1993,13.250000,13.250000,13.250000,13.250000
03/26/1993,12.870000,12.870000,12.870000,12.870000
03/29/1993,13.360000,13.360000,13.360000,13.360000
03/30/1993,13.220000,13.220000,13.220000,13.220000
03/31/1993,13.130000,13.130000,13.130000,13.130000
04/01/1993,13.570000,13.570000,13.570000,13.570000
04/02/1993,14.400000,14.400000,14.400000,14.400000
04/05/1993,15.510000,15.510000,15.510000,15.510000
04/06/1993,14.490000,14.490000,14.490000,14.490000
04/07/1993,14.720000,14.720000,14.720000,14.720000
04/08/1993,13.890000,13.890000,13.890000,13.890000
04/12/1993,13.010000,13.010000,13.010000,13.010000
04/13/1993,12.460000,13.080000,11.960000,12.260000
04/14/1993,12.590000,12.680000,11.840000,12.310000
04/15/1993,12.290000,12.700000,11.540000,12.230000
04/16/1993,12.200000,12.400000,11.780000,11.970000
04/19/1993,17.050000,18.420000,9.960000,12.300000
04/20/1993,12.740000,13.670000,12.500000,12.610000
04/21/1993,12.790000,13.370000,12.250000,12.480000
04/22/1993,13.050000,14.000000,12.190000,14.000000
04/23/1993,14.040000,15.040000,13.670000,14.300000
04/26/1993,14.510000,16.480000,14.290000,15.740000
04/27/1993,16.080000,16.140000,14.000000,14.020000
04/28/1993,13.980000,14.320000,13.410000,13.410000
04/29/1993,13.480000,14.210000,12.780000,12.850000
04/30/1993,12.680000,13.490000,12.390000,13.420000
05/03/1993,13.620000,13.750000,12.590000,12.620000
05/04/1993,12.950000,13.180000,12.460000,12.600000
05/05/1993,12.740000,13.100000,12.490000,12.710000
05/06/1993,13.140000,13.740000,13.050000,13.350000
05/07/1993,13.710000,14.080000,13.170000,13.490000
05/10/1993,13.510000,13.890000,13.140000,13.400000
05/11/1993,14.200000,14.370000,13.050000,13.330000
05/12/1993,13.830000,13.830000,13.100000,13.730000
05/13/1993,14.470000,14.940000,14.120000,14.440000
05/14/1993,14.940000,15.160000,14.210000,14.610000
05/17/1993,14.190000,14.700000,13.840000,13.970000
05/18/1993,13.880000,14.600000,13.520000,13.890000
05/19/1993,14.070000,15.130000,12.910000,14.200000
05/20/1993,14.330000,14.400000,13.260000,13.390000
05/21/1993,13.860000,15.020000,13.430000,14.320000
05/24/1993,14.210000,14.310000,13.570000,13.600000
05/25/1993,13.740000,14.110000,13.540000,13.540000
05/26/1993,13.750000,13.980000,12.720000,13.150000
05/27/1993,13.220000,14.150000,13.030000,13.150000
05/28/1993,13.090000,14.040000,12.990000,13.210000
06/01/1993,3.760000,13.220000,3.750000,12.950000
06/02/1993,12.940000,13.510000,12.750000,13.000000
06/03/1993,13.700000,13.950000,13.410000,13.620000
06/04/1993,13.690000,14.280000,13.450000,13.510000
06/07/1993,13.410000,14.720000,13.310000,13.770000
06/08/1993,14.250000,14.790000,13.910000,14.720000
06/09/1993,14.580000,14.790000,13.670000,14.360000
06/10/1993,2.100000,14.680000,2.100000,13.970000
06/11/1993,13.490000,14.100000,13.010000,13.180000
06/14/1993,13.400000,13.500000,13.030000,13.360000
06/15/1993,13.240000,13.830000,12.730000,12.830000
06/16/1993,12.860000,13.880000,12.440000,12.620000
06/17/1993,12.900000,13.120000,12.390000,12.460000
06/18/1993,12.860000,13.360000,12.300000,13.110000
06/21/1993,12.860000,13.030000,12.220000,12.370000
06/22/1993,12.480000,12.920000,12.310000,12.660000
06/23/1993,12.670000,13.230000,12.440000,13.230000
06/24/1993,13.810000,13.970000,12.560000,12.740000
06/25/1993,12.660000,12.870000,11.880000,12.380000
06/28/1993,11.870000,12.100000,11.430000,11.430000
06/29/1993,11.780000,12.430000,11.630000,11.630000
06/30/1993,12.170000,12.400000,11.930000,12.150000
07/01/1993,12.460000,13.060000,12.260000,12.550000
07/02/1993,8.820000,13.260000,8.820000,12.260000
07/06/1993,13.220000,14.870000,12.890000,14.460000
07/07/1993,14.360000,14.820000,13.620000,13.670000
07/08/1993,13.780000,14.100000,12.550000,12.720000
07/09/1993,12.670000,12.800000,11.760000,11.880000
07/12/1993,11.710000,12.010000,11.400000,11.760000
07/13/1993,11.800000,12.050000,11.390000,11.580000
07/14/1993,11.630000,12.000000,11.330000,11.590000
07/15/1993,11.800000,12.230000,11.270000,11.570000
07/16/1993,11.250000,11.840000,11.030000,11.590000
07/19/1993,11.510000,11.980000,11.150000,11.340000
07/20/1993,11.650000,12.330000,11.040000,11.070000
07/21/1993,11.710000,12.230000,11.510000,11.730000
07/22/1993,11.790000,12.710000,11.550000,12.300000
07/23/1993,11.760000,12.490000,11.670000,11.840000
07/26/1993,11.880000,11.910000,11.260000,11.450000
07/27/1993,11.550000,12.030000,11.190000,11.390000
07/28/1993,11.680000,12.060000,11.180000,11.590000
07/29/1993,12.010000,12.240000,11.380000,11.640000
07/30/1993,12.050000,12.410000,11.500000,12.010000
08/02/1993,11.830000,11.830000,11.350000,11.410000
08/03/1993,6.880000,11.970000,6.880000,11.750000
08/04/1993,12.160000,12.360000,11.710000,11.860000
08/05/1993,12.300000,12.840000,12.270000,12.450000
08/06/1993,12.640000,13.020000,12.260000,12.650000
08/09/1993,12.880000,12.960000,11.910000,11.970000
08/10/1993,12.320000,12.530000,12.180000,12.460000
08/11/1993,12.350000,12.470000,11.970000,12.200000
08/12/1993,12.510000,13.240000,12.270000,12.270000
08/13/1993,12.410000,12.450000,11.760000,11.920000
08/16/1993,12.070000,12.270000,11.690000,12.030000
08/17/1993,12.000000,12.170000,11.550000,11.700000
08/18/1993,11.960000,12.230000,11.710000,11.960000
08/19/1993,12.170000,12.400000,11.740000,11.790000
08/20/1993,11.990000,12.140000,11.550000,11.600000
08/23/1993,11.970000,12.160000,11.560000,11.730000
08/24/1993,11.710000,11.900000,11.310000,11.320000
08/25/1993,11.780000,12.480000,11.550000,12.180000
08/26/1993,12.290000,12.620000,11.940000,12.290000
08/27/1993,12.720000,12.780000,11.920000,11.960000
08/30/1993,11.850000,12.120000,11.680000,11.830000
08/31/1993,12.040000,12.130000,11.530000,11.620000
09/01/1993,12.130000,12.200000,11.640000,11.670000
09/02/1993,12.090000,12.360000,11.640000,11.720000
09/03/1993,11.890000,12.120000,11.250000,11.600000
09/07/1993,12.130000,12.930000,11.900000,12.640000
09/08/1993,12.960000,14.200000,12.830000,12.900000
09/09/1993,13.050000,13.140000,12.480000,12.490000
09/10/1993,12.550000,12.730000,11.570000,11.760000
09/13/1993,11.990000,12.320000,11.730000,12.120000
09/14/1993,12.530000,12.970000,12.120000,12.200000
09/15/1993,12.980000,13.200000,11.760000,12.340000
09/16/1993,12.710000,13.110000,12.240000,12.570000
09/17/1993,13.580000,13.590000,12.700000,13.170000
09/20/1993,12.640000,14.690000,12.370000,14.670000
09/21/1993,14.860000,18.000000,14.220000,16.100000
09/22/1993,14.590000,14.660000,13.100000,13.500000
09/23/1993,13.360000,13.660000,12.530000,12.760000
09/24/1993,12.500000,13.350000,12.340000,12.680000
09/27/1993,11.890000,12.230000,11.400000,11.500000
09/28/1993,12.020000,12.180000,11.660000,11.690000
09/29/1993,11.630000,12.680000,11.600000,12.260000
09/30/1993,12.770000,13.080000,12.110000,12.710000
10/01/1993,10.130000,12.910000,10.130000,11.990000
10/04/1993,12.100000,12.550000,12.100000,12.160000
10/05/1993,12.240000,12.780000,11.640000,11.790000
10/06/1993,12.230000,12.390000,11.770000,12.280000
10/07/1993,12.790000,13.070000,12.740000,12.780000
10/08/1993,12.450000,13.560000,11.260000,11.390000
10/11/1993,10.170000,15.670000,10.170000,10.990000
10/12/1993,11.510000,11.630000,10.890000,11.270000
10/13/1993,11.190000,11.690000,10.950000,11.120000
10/14/1993,11.270000,11.310000,10.430000,10.500000
10/15/1993,10.520000,11.130000,10.310000,10.700000
10/18/1993,11.030000,11.260000,10.620000,10.800000
10/19/1993,11.190000,11.750000,10.640000,11.230000
10/20/1993,11.300000,11.510000,10.750000,10.750000
10/21/1993,10.950000,11.720000,10.720000,11.120000
10/22/1993,10.840000,11.600000,10.820000,11.010000
10/25/1993,11.570000,12.050000,11.090000,11.200000
10/26/1993,11.450000,12.090000,11.230000,11.250000
10/27/1993,11.600000,11.870000,11.380000,11.530000
10/28/1993,11.710000,11.980000,11.240000,11.550000
10/29/1993,11.430000,11.700000,11.430000,11.510000
11/01/1993,11.710000,11.910000,11.420000,11.520000
11/02/1993,11.880000,12.260000,11.380000,11.440000
11/03/1993,12.070000,13.470000,11.920000,12.620000
11/04/1993,12.950000,15.130000,12.950000,14.900000
11/05/1993,15.140000,16.700000,14.330000,14.750000
11/08/1993,14.470000,14.770000,13.140000,13.640000
11/09/1993,12.980000,14.020000,12.510000,14.010000
11/10/1993,14.410000,14.550000,13.160000,13.160000
11/11/1993,13.180000,13.450000,12.910000,13.280000
11/12/1993,13.730000,13.740000,12.710000,12.800000
11/15/1993,13.670000,14.660000,13.460000,14.160000
11/16/1993,14.480000,15.150000,14.160000,14.520000
11/17/1993,14.740000,15.720000,14.190000,15.180000
11/18/1993,14.650000,14.710000,13.140000,13.140000
11/19/1993,10.090000,14.470000,10.090000,13.900000
11/22/1993,14.450000,15.420000,14.260000,14.480000
11/23/1993,13.900000,14.160000,12.740000,12.970000
11/24/1993,12.600000,12.950000,12.030000,12.030000
11/26/1993,12.330000,12.630000,12.260000,12.500000
11/29/1993,12.170000,13.060000,12.100000,12.920000
11/30/1993,13.750000,14.060000,12.700000,12.870000
12/01/1993,13.040000,13.460000,12.830000,13.090000
12/02/1993,13.080000,13.810000,12.830000,12.940000
12/03/1993,12.760000,12.850000,12.140000,12.200000
12/06/1993,12.150000,12.150000,11.230000,11.230000
12/07/1993,12.150000,12.150000,11.330000,11.530000
12/08/1993,11.790000,12.050000,11.610000,11.650000
12/09/1993,12.020000,12.280000,11.390000,11.970000
12/10/1993,11.960000,12.220000,11.390000,11.550000
12/13/1993,11.100000,11.460000,10.150000,10.670000
12/14/1993,10.590000,11.590000,10.550000,11.140000
12/15/1993,11.180000,11.470000,10.420000,11.030000
12/16/1993,10.830000,11.210000,10.390000,10.430000
12/17/1993,10.760000,10.950000,10.090000,10.200000
12/20/1993,10.260000,10.340000,9.770000,9.950000
12/21/1993,10.120000,10.400000,9.610000,9.930000
12/22/1993,9.620000,9.730000,4.930000,9.190000
12/23/1993,9.240000,9.300000,8.860000,9.040000
12/27/1993,9.170000,9.750000,9.170000,9.210000
12/28/1993,9.820000,10.110000,9.520000,9.720000
12/29/1993,9.900000,10.390000,9.900000,10.160000
12/30/1993,10.370000,10.980000,10.370000,10.730000
12/31/1993,11.100000,11.460000,10.540000,11.460000
01/03/1994,11.260000,12.010000,11.190000,11.560000
01/04/1994,11.440000,11.660000,10.660000,10.690000
01/05/1994,10.800000,11.100000,10.480000,10.550000
01/06/1994,10.690000,10.940000,10.430000,10.550000
01/07/1994,10.920000,11.080000,10.180000,10.250000
01/10/1994,10.380000,11.060000,9.460000,10.630000
01/11/1994,11.020000,11.240000,10.500000,10.510000
01/12/1994,10.910000,10.940000,10.450000,10.590000
01/13/1994,11.070000,11.330000,10.760000,10.770000
01/14/1994,10.840000,11.170000,10.730000,10.940000
01/17/1994,11.410000,11.450000,10.870000,11.110000
01/18/1994,11.370000,11.430000,10.650000,10.840000
01/19/1994,11.540000,12.060000,11.040000,11.040000
01/20/1994,11.230000,11.480000,10.230000,10.370000
01/21/1994,10.670000,11.260000,10.430000,10.430000
01/24/1994,10.600000,11.540000,10.360000,11.200000
01/25/1994,10.990000,11.420000,10.660000,10.980000
01/26/1994,11.410000,11.440000,10.370000,10.550000
01/27/1994,10.460000,10.570000,9.640000,9.740000
01/28/1994,9.840000,10.030000,9.530000,9.590000
01/31/1994,9.600000,10.030000,9.250000,9.820000
02/01/1994,9.970000,10.520000,9.900000,10.100000
02/02/1994,10.030000,10.230000,9.640000,9.640000
02/03/1994,9.840000,10.570000,9.840000,10.040000
02/04/1994,10.160000,14.640000,9.920000,14.510000
02/07/1994,13.720000,14.420000,12.260000,12.480000
02/08/1994,12.810000,13.270000,12.380000,12.600000
02/09/1994,12.820000,12.980000,11.960000,12.060000
02/10/1994,12.730000,14.330000,12.420000,14.320000
02/11/1994,14.480000,15.220000,13.090000,13.210000
02/14/1994,13.580000,14.700000,13.100000,14.000000
02/15/1994,13.520000,13.590000,12.640000,12.830000
02/16/1994,12.760000,13.450000,12.260000,12.830000
02/17/1994,11.970000,14.530000,11.970000,13.410000
02/18/1994,13.390000,15.270000,13.060000,14.220000
02/22/1994,14.410000,14.820000,12.090000,12.850000
02/23/1994,12.430000,13.390000,12.050000,13.010000
02/24/1994,14.610000,15.580000,13.440000,14.910000
02/25/1994,14.790000,15.010000,14.010000,14.050000
02/28/1994,13.370000,13.880000,12.920000,13.750000
03/01/1994,13.830000,15.910000,13.760000,14.830000
03/02/1994,16.950000,16.950000,14.320000,14.360000
03/03/1994,15.000000,16.200000,14.500000,15.750000
03/04/1994,15.470000,16.080000,14.480000,14.580000
03/07/1994,13.870000,14.140000,13.590000,13.760000
03/08/1994,14.220000,14.760000,14.100000,14.340000
03/09/1994,14.620000,15.130000,13.520000,13.550000
03/10/1994,14.520000,16.310000,14.520000,15.480000
03/11/1994,16.110000,16.170000,14.160000,14.180000
03/14/1994,14.680000,14.900000,14.300000,14.510000
03/15/1994,14.600000,14.650000,13.000000,13.930000
03/16/1994,14.060000,14.160000,12.300000,12.380000
03/17/1994,12.900000,12.910000,11.880000,12.090000
03/18/1994,13.400000,13.400000,12.300000,12.700000
03/21/1994,12.900000,13.670000,6.100000,13.050000
03/22/1994,13.330000,13.640000,3.950000,11.950000
03/23/1994,12.160000,12.480000,11.620000,12.110000
03/24/1994,12.770000,14.860000,12.640000,13.130000
03/25/1994,13.470000,13.670000,12.540000,13.650000
03/28/1994,14.310000,15.870000,13.420000,13.520000
03/29/1994,14.320000,16.750000,14.210000,16.500000
03/30/1994,17.380000,18.540000,15.330000,18.040000
03/31/1994,20.460000,24.110000,18.460000,19.150000
04/04/1994,24.590000,25.310000,21.890000,22.500000
04/05/1994,19.200000,19.700000,11.300000,16.290000
04/06/1994,16.710000,18.270000,15.470000,16.110000
04/07/1994,17.280000,17.460000,15.320000,15.600000
04/08/1994,16.670000,17.650000,16.030000,16.280000
04/11/1994,16.210000,16.620000,15.330000,15.610000
04/12/1994,15.570000,16.520000,15.050000,15.670000
04/13/1994,15.420000,17.430000,15.130000,15.720000
04/14/1994,16.410000,16.470000,14.890000,14.950000
04/15/1994,14.910000,18.170000,13.240000,14.860000
04/18/1994,13.950000,16.270000,13.890000,15.630000
04/19/1994,15.500000,16.860000,14.780000,15.300000
04/20/1994,15.350000,16.880000,15.190000,15.960000
04/21/1994,15.360000,16.040000,12.790000,13.900000
04/22/1994,14.400000,15.350000,13.940000,14.550000
04/25/1994,14.210000,14.330000,12.780000,12.780000
04/26/1994,12.910000,13.670000,12.450000,12.680000
04/28/1994,13.370000,14.660000,12.980000,13.650000
04/29/1994,14.110000,14.110000,13.230000,13.320000
05/02/1994,13.410000,14.030000,12.770000,12.850000
05/03/1994,12.970000,14.250000,12.870000,13.160000
05/04/1994,13.750000,14.450000,13.320000,13.620000
05/05/1994,14.030000,14.550000,13.700000,14.420000
05/06/1994,15.730000,16.000000,14.910000,15.140000
05/09/1994,12.450000,16.200000,7.620000,15.880000
05/10/1994,14.750000,15.290000,13.960000,14.170000
05/11/1994,14.300000,15.920000,14.130000,15.590000
05/12/1994,14.660000,15.510000,14.390000,15.120000
05/13/1994,15.590000,16.220000,14.090000,14.570000
05/16/1994,14.530000,14.760000,13.750000,14.400000
05/17/1994,14.650000,15.470000,13.290000,13.410000
05/18/1994,13.580000,14.010000,11.850000,11.980000
05/19/1994,12.190000,12.490000,11.530000,12.180000
05/20/1994,12.360000,13.100000,12.070000,12.250000
05/23/1994,12.780000,13.070000,12.540000,12.660000
05/24/1994,12.210000,12.540000,11.500000,12.040000
05/25/1994,12.550000,12.810000,11.620000,11.910000
05/26/1994,11.920000,12.240000,11.550000,11.950000
05/27/1994,12.410000,12.720000,11.500000,11.790000
05/31/1994,12.820000,12.840000,11.960000,12.100000
06/01/1994,13.090000,13.410000,11.750000,11.890000
06/02/1994,12.210000,12.590000,12.000000,12.220000
06/03/1994,12.940000,12.950000,11.410000,11.520000
06/06/1994,11.480000,12.390000,11.300000,12.290000
06/07/1994,12.250000,12.860000,11.900000,12.220000
06/08/1994,12.530000,13.330000,12.400000,12.640000
06/09/1994,12.480000,13.410000,12.420000,12.780000
06/10/1994,12.500000,12.670000,11.860000,11.940000
06/13/1994,12.050000,12.300000,11.440000,11.800000
06/14/1994,11.700000,11.800000,11.010000,11.080000
06/15/1994,11.090000,12.030000,11.000000,11.530000
06/16/1994,11.760000,12.150000,10.750000,10.800000
06/17/1994,10.850000,12.320000,10.520000,12.260000
06/20/1994,13.480000,13.840000,12.570000,13.080000
06/21/1994,13.330000,14.760000,13.030000,14.410000
06/22/1994,14.060000,14.490000,12.950000,13.360000
06/23/1994,12.870000,14.430000,12.630000,14.240000
06/24/1994,16.540000,17.280000,15.290000,17.180000
06/27/1994,16.920000,16.950000,13.630000,13.670000
06/28/1994,13.850000,16.020000,13.850000,13.990000
06/29/1994,13.380000,14.320000,12.170000,14.090000
06/30/1994,14.240000,15.960000,14.120000,15.820000
07/01/1994,15.390000,15.440000,14.530000,14.690000
07/05/1994,15.250000,15.440000,14.100000,14.940000
07/06/1994,15.570000,16.110000,14.310000,14.880000
07/07/1994,14.960000,15.210000,13.660000,13.790000
07/08/1994,13.940000,14.570000,13.060000,13.650000
07/11/1994,12.960000,14.630000,12.720000,13.190000
07/12/1994,13.870000,14.290000,12.630000,12.820000
07/13/1994,12.260000,12.570000,11.790000,12.220000
07/14/1994,11.570000,11.710000,10.680000,10.920000
07/15/1994,11.140000,11.840000,10.880000,11.080000
07/18/1994,6.600000,11.510000,6.600000,10.550000
07/19/1994,11.080000,11.430000,10.890000,11.320000
07/20/1994,11.750000,12.120000,11.290000,11.350000
07/21/1994,11.790000,12.020000,10.570000,10.780000
07/22/1994,10.720000,11.370000,10.720000,10.810000
07/25/1994,11.160000,11.270000,10.810000,10.950000
07/26/1994,11.310000,11.560000,11.020000,11.240000
07/27/1994,11.800000,12.370000,11.650000,11.890000
07/28/1994,11.830000,11.840000,11.180000,11.560000
07/29/1994,11.180000,11.330000,10.620000,10.640000
08/01/1994,10.720000,11.170000,10.240000,10.270000
08/02/1994,10.440000,11.320000,10.280000,10.890000
08/03/1994,11.270000,11.480000,10.840000,11.270000
08/04/1994,3.130000,11.940000,3.120000,11.940000
08/05/1994,12.810000,12.900000,12.170000,12.170000
08/08/1994,11.710000,12.030000,11.100000,11.550000
08/09/1994,12.100000,12.180000,11.100000,11.520000
08/10/1994,11.580000,11.670000,10.600000,11.110000
08/11/1994,11.030000,12.810000,10.590000,11.670000
08/12/1994,11.470000,11.510000,10.340000,10.640000
08/15/1994,11.190000,11.460000,10.530000,11.230000
08/16/1994,11.350000,12.130000,10.260000,10.730000
08/17/1994,10.980000,11.190000,10.440000,10.770000
08/18/1994,11.270000,12.380000,11.200000,11.630000
08/19/1994,12.210000,12.580000,11.100000,11.440000
08/22/1994,12.220000,12.470000,11.440000,11.810000
08/23/1994,11.450000,11.730000,10.440000,11.220000
08/24/1994,11.540000,11.780000,10.720000,10.940000
08/25/1994,11.030000,11.730000,10.820000,11.610000
08/26/1994,11.410000,13.390000,10.980000,12.490000
08/29/1994,12.560000,12.560000,11.300000,11.510000
08/30/1994,11.410000,11.570000,11.120000,11.310000
08/31/1994,11.600000,12.560000,11.460000,12.320000
09/01/1994,12.200000,12.520000,11.470000,11.740000
09/02/1994,11.330000,11.630000,10.980000,11.080000
09/06/1994,11.470000,12.210000,10.210000,11.340000
09/07/1994,11.490000,11.890000,10.890000,11.230000
09/08/1994,11.390000,11.610000,11.190000,11.210000
09/09/1994,12.290000,12.910000,11.880000,12.030000
09/12/1994,12.180000,13.190000,11.640000,12.640000
09/13/1994,12.540000,12.910000,11.520000,12.260000
09/14/1994,12.170000,12.450000,11.320000,11.580000
09/15/1994,11.380000,11.480000,10.380000,10.760000
09/16/1994,11.950000,12.630000,11.290000,11.910000
09/19/1994,11.650000,12.740000,11.650000,12.660000
09/20/1994,12.940000,14.120000,12.900000,13.900000
09/21/1994,14.340000,14.930000,13.330000,13.460000
09/22/1994,13.310000,14.020000,13.210000,13.990000
09/23/1994,14.250000,15.240000,14.000000,14.490000
09/26/1994,14.730000,15.080000,14.040000,14.040000
09/27/1994,14.400000,14.930000,13.300000,13.310000
09/28/1994,13.070000,13.430000,12.480000,13.070000
09/29/1994,13.350000,14.590000,13.330000,13.870000
09/30/1994,14.360000,14.440000,13.350000,14.290000
10/03/1994,14.860000,15.160000,14.520000,14.580000
10/04/1994,14.720000,17.270000,14.540000,17.090000
10/05/1994,17.850000,18.360000,15.220000,15.320000
10/06/1994,16.270000,16.770000,15.520000,16.500000
10/07/1994,15.450000,16.340000,15.030000,15.140000
10/10/1994,14.930000,14.940000,13.870000,14.170000
10/11/1994,13.220000,13.730000,12.930000,13.610000
10/12/1994,14.210000,14.360000,13.790000,14.210000
10/13/1994,14.450000,14.910000,13.880000,14.840000
10/14/1994,14.780000,14.910000,13.600000,13.800000
10/17/1994,14.620000,15.050000,13.800000,14.610000
10/18/1994,14.920000,15.330000,14.400000,14.580000
10/19/1994,15.280000,15.440000,14.280000,14.880000
10/20/1994,15.520000,19.670000,15.340000,15.790000
10/21/1994,16.800000,16.870000,15.560000,15.730000
10/24/1994,15.130000,16.790000,15.020000,16.590000
10/25/1994,16.580000,16.580000,15.440000,15.670000
10/26/1994,15.380000,16.140000,15.020000,15.270000
10/27/1994,15.470000,15.710000,15.130000,15.440000
10/28/1994,14.300000,14.740000,13.930000,14.490000
10/31/1994,14.280000,14.280000,13.460000,13.730000
11/01/1994,14.360000,14.780000,14.020000,14.380000
11/02/1994,14.960000,15.420000,14.040000,15.040000
11/03/1994,15.190000,15.880000,14.940000,15.380000
11/04/1994,15.070000,16.370000,14.890000,16.370000
11/07/1994,16.780000,17.160000,16.310000,16.360000
11/08/1994,16.350000,16.460000,14.840000,15.880000
11/09/1994,15.610000,16.810000,15.370000,16.080000
11/10/1994,16.130000,16.620000,15.270000,16.200000
11/11/1994,16.190000,17.630000,16.100000,16.920000
11/14/1994,16.390000,16.760000,15.980000,16.240000
11/15/1994,16.340000,18.220000,15.720000,16.040000
11/16/1994,15.960000,16.130000,15.460000,15.700000
11/17/1994,15.530000,16.620000,15.140000,15.700000
11/18/1994,15.640000,16.440000,15.440000,15.720000
11/21/1994,14.950000,16.270000,14.700000,15.870000
11/22/1994,16.440000,18.490000,15.750000,18.490000
11/23/1994,18.880000,20.450000,17.540000,18.140000
11/25/1994,18.080000,18.120000,17.170000,17.580000
11/28/1994,17.810000,17.820000,16.430000,16.470000
11/29/1994,16.450000,17.540000,15.900000,16.120000
11/30/1994,16.200000,16.560000,15.240000,16.560000
12/01/1994,17.000000,17.970000,16.570000,17.070000
12/02/1994,16.940000,18.110000,15.660000,15.690000
12/05/1994,15.170000,15.530000,14.650000,14.910000
12/06/1994,15.260000,16.400000,15.070000,15.220000
12/07/1994,16.730000,17.020000,15.630000,15.930000
12/08/1994,15.970000,18.420000,15.800000,18.160000
12/09/1994,18.550000,19.110000,16.230000,16.440000
12/12/1994,16.170000,16.930000,14.840000,15.150000
12/13/1994,14.990000,15.130000,13.880000,14.570000
12/14/1994,14.370000,14.470000,12.470000,12.500000
12/15/1994,12.660000,13.160000,10.990000,12.550000
12/16/1994,12.320000,12.770000,11.880000,12.210000
12/19/1994,12.330000,12.850000,12.150000,12.150000
12/20/1994,12.280000,13.020000,11.990000,12.140000
12/21/1994,12.310000,12.310000,11.210000,11.940000
12/22/1994,11.970000,12.310000,11.650000,12.030000
12/23/1994,11.720000,11.800000,11.110000,11.440000
12/27/1994,11.540000,11.870000,11.270000,11.660000
12/28/1994,12.110000,13.080000,11.800000,12.680000
12/29/1994,11.980000,12.930000,11.980000,12.060000
12/30/1994,12.430000,13.600000,12.300000,13.440000
01/03/1995,14.020000,14.430000,13.660000,13.770000
01/04/1995,13.430000,14.030000,12.670000,12.750000
01/05/1995,13.300000,13.350000,12.700000,13.110000
01/06/1995,13.650000,13.650000,12.000000,12.380000
01/09/1995,12.530000,12.850000,12.210000,12.380000
01/10/1995,12.290000,12.320000,11.450000,12.010000
01/11/1995,12.070000,13.610000,11.780000,11.790000
01/12/1995,12.180000,12.640000,11.900000,12.250000
01/13/1995,12.070000,12.190000,10.930000,11.070000
01/16/1995,11.190000,11.340000,10.600000,10.710000
01/17/1995,11.080000,16.860000,10.770000,11.050000
01/18/1995,11.000000,11.850000,10.900000,11.080000
01/19/1995,11.580000,11.940000,11.250000,11.470000
01/20/1995,11.910000,12.500000,7.230000,11.650000
01/23/1995,12.560000,12.910000,11.520000,11.600000
01/24/1995,11.570000,11.790000,11.100000,11.450000
01/25/1995,11.890000,12.050000,10.410000,10.930000
01/26/1995,11.080000,11.410000,10.660000,10.740000
01/27/1995,10.800000,11.220000,10.540000,10.770000
01/30/1995,11.420000,11.990000,11.110000,11.580000
01/31/1995,11.730000,12.110000,11.310000,11.410000
02/01/1995,11.540000,11.760000,11.060000,11.060000
02/02/1995,11.170000,11.320000,10.600000,10.630000
02/03/1995,10.690000,11.320000,10.500000,10.960000
02/06/1995,10.810000,10.890000,10.420000,10.660000
02/07/1995,10.710000,11.050000,10.430000,10.490000
02/08/1995,10.970000,11.270000,10.760000,11.060000
02/09/1995,11.090000,11.640000,11.030000,11.500000
02/10/1995,11.670000,12.020000,11.000000,11.070000
02/13/1995,11.320000,11.560000,10.950000,11.210000
02/14/1995,11.320000,11.860000,11.080000,11.160000
02/15/1995,11.730000,11.770000,11.190000,11.480000
02/16/1995,11.830000,12.040000,11.350000,11.560000
02/17/1995,11.610000,11.760000,11.000000,11.540000
02/21/1995,11.990000,12.000000,11.300000,11.470000
02/22/1995,11.490000,11.680000,10.980000,11.230000
02/23/1995,11.290000,11.650000,10.990000,11.190000
02/24/1995,11.560000,11.700000,11.010000,11.050000
02/27/1995,11.380000,12.320000,11.150000,11.950000
02/28/1995,11.850000,12.170000,11.270000,11.480000
03/01/1995,11.440000,12.020000,11.360000,11.700000
03/02/1995,11.920000,12.420000,11.720000,11.760000
03/03/1995,12.050000,12.360000,11.540000,11.650000
03/06/1995,12.330000,12.360000,11.410000,11.610000
03/07/1995,12.170000,13.920000,11.980000,12.890000
03/08/1995,12.920000,13.390000,12.170000,12.430000
03/09/1995,12.840000,13.100000,12.360000,12.450000
03/10/1995,12.220000,12.370000,11.220000,11.540000
03/13/1995,11.760000,12.050000,11.150000,11.620000
03/14/1995,11.450000,11.860000,11.080000,11.750000
03/15/1995,12.020000,12.800000,11.490000,11.890000
03/16/1995,12.060000,12.320000,11.580000,11.870000
03/17/1995,11.980000,12.400000,11.530000,11.730000
03/20/1995,11.710000,12.060000,10.880000,10.880000
03/21/1995,11.540000,12.720000,10.740000,11.830000
03/22/1995,11.730000,12.440000,11.530000,11.610000
03/23/1995,11.990000,12.300000,11.590000,11.720000
03/24/1995,11.530000,12.070000,11.410000,11.860000
03/27/1995,12.250000,12.510000,11.760000,11.920000
03/28/1995,12.150000,12.470000,11.830000,11.950000
03/29/1995,12.000000,13.160000,11.420000,12.480000
03/30/1995,13.220000,13.410000,12.470000,12.620000
03/31/1995,13.780000,13.780000,12.980000,13.580000
04/03/1995,13.420000,13.770000,12.940000,12.940000
04/04/1995,12.980000,13.350000,12.820000,12.920000
04/05/1995,13.690000,15.400000,13.110000,13.340000
04/06/1995,13.570000,14.140000,13.390000,13.760000
04/07/1995,14.090000,14.360000,12.920000,12.920000
04/10/1995,13.260000,13.330000,12.450000,12.610000
04/11/1995,12.460000,12.910000,11.970000,12.130000
04/12/1995,12.420000,12.540000,11.280000,11.340000
04/13/1995,11.300000,11.410000,10.720000,10.880000
04/17/1995,11.520000,14.140000,9.570000,12.480000
04/18/1995,12.970000,13.190000,12.450000,12.970000
04/19/1995,12.870000,13.980000,12.440000,12.570000
04/20/1995,12.590000,13.400000,12.020000,12.090000
04/21/1995,12.260000,12.430000,11.700000,11.810000
04/24/1995,12.010000,13.050000,11.690000,12.760000
04/25/1995,12.740000,13.380000,12.450000,12.810000
04/26/1995,12.930000,13.070000,12.530000,12.700000
04/27/1995,12.710000,12.980000,12.420000,12.790000
04/28/1995,12.900000,13.190000,11.910000,12.000000
05/01/1995,12.100000,12.490000,11.910000,12.090000
05/02/1995,12.430000,12.630000,11.850000,12.060000
05/03/1995,12.110000,12.230000,11.450000,11.630000
05/04/1995,12.050000,13.320000,11.920000,12.760000
05/05/1995,13.080000,13.290000,11.880000,12.250000
05/08/1995,12.270000,12.270000,11.570000,12.080000
05/09/1995,12.920000,13.140000,12.400000,12.410000
05/10/1995,12.630000,13.280000,12.520000,12.630000
05/11/1995,13.280000,13.370000,12.560000,12.660000
05/12/1995,12.600000,12.780000,12.060000,12.190000
05/15/1995,12.550000,12.660000,11.990000,12.270000
05/16/1995,12.640000,13.250000,12.310000,12.690000
05/17/1995,12.800000,12.900000,12.210000,12.510000
05/18/1995,12.720000,12.860000,11.760000,12.690000
05/19/1995,13.580000,13.710000,12.490000,12.500000
05/22/1995,12.150000,12.300000,10.860000,12.020000
05/23/1995,12.320000,12.400000,11.790000,12.120000
05/24/1995,12.470000,13.280000,12.330000,12.490000
05/25/1995,12.490000,13.110000,12.110000,12.110000
05/26/1995,12.430000,13.260000,12.290000,12.410000
05/30/1995,13.000000,13.820000,12.870000,12.960000
05/31/1995,13.650000,14.590000,12.720000,14.560000
06/01/1995,14.370000,14.840000,13.460000,13.540000
06/02/1995,14.230000,14.500000,13.730000,13.970000
06/05/1995,14.120000,14.740000,13.920000,13.950000
06/06/1995,14.260000,14.470000,13.690000,14.040000
06/07/1995,14.610000,14.650000,13.720000,13.950000
06/08/1995,14.210000,14.320000,13.570000,13.800000
06/09/1995,14.040000,14.650000,12.970000,12.970000
06/12/1995,12.810000,13.180000,12.490000,12.700000
06/13/1995,12.480000,12.630000,11.850000,12.210000
06/14/1995,12.470000,12.950000,12.160000,12.490000
06/15/1995,12.800000,13.100000,12.300000,12.580000
06/16/1995,12.390000,12.630000,12.020000,12.240000
06/19/1995,12.780000,13.890000,12.690000,13.300000
06/20/1995,13.620000,13.890000,12.940000,13.230000
06/21/1995,13.320000,13.420000,12.780000,13.180000
06/22/1995,13.270000,13.700000,12.980000,13.280000
06/23/1995,13.150000,13.270000,12.400000,12.550000
06/26/1995,12.790000,13.340000,12.670000,13.010000
06/27/1995,13.370000,14.180000,13.010000,13.920000
06/28/1995,14.060000,14.440000,12.800000,13.190000
06/29/1995,13.390000,14.430000,12.790000,12.960000
06/30/1995,13.020000,13.320000,12.550000,12.880000
07/03/1995,13.120000,13.120000,12.450000,12.700000
07/05/1995,13.380000,14.010000,13.360000,13.410000
07/06/1995,14.210000,14.470000,12.890000,13.070000
07/07/1995,13.580000,14.050000,13.380000,13.550000
07/10/1995,13.950000,14.280000,13.710000,13.830000
07/11/1995,13.870000,14.190000,13.550000,14.020000
07/12/1995,14.060000,14.270000,13.670000,14.180000
07/13/1995,14.610000,14.730000,14.090000,14.220000
07/14/1995,14.640000,14.780000,13.960000,13.960000
07/17/1995,14.430000,14.690000,13.790000,14.130000
07/18/1995,14.710000,15.120000,14.010000,14.800000
07/19/1995,15.300000,18.270000,14.620000,14.970000
07/20/1995,15.790000,16.140000,14.140000,14.550000
07/21/1995,14.410000,14.540000,13.430000,13.920000
07/24/1995,13.910000,14.480000,13.710000,14.190000
07/25/1995,14.540000,14.580000,13.870000,14.250000
07/26/1995,15.020000,15.110000,14.250000,14.500000
07/27/1995,15.040000,15.110000,14.510000,14.580000
07/28/1995,14.840000,14.930000,14.220000,14.400000
07/31/1995,14.460000,14.910000,14.230000,14.300000
08/01/1995,14.790000,15.090000,14.330000,14.550000
08/02/1995,14.350000,14.730000,13.990000,14.670000
08/03/1995,15.200000,15.260000,14.530000,14.570000
08/04/1995,14.590000,14.950000,13.860000,14.100000
08/07/1995,14.150000,14.260000,13.610000,13.880000
08/08/1995,13.830000,13.960000,13.100000,13.100000
08/09/1995,13.970000,13.970000,13.220000,13.610000
08/10/1995,13.600000,14.170000,13.290000,13.950000
08/11/1995,14.220000,14.720000,13.520000,13.550000
08/14/1995,13.810000,14.170000,12.810000,13.090000
08/15/1995,13.290000,13.910000,12.710000,12.940000
08/16/1995,13.160000,13.790000,12.870000,13.130000
08/17/1995,13.490000,13.520000,12.610000,12.780000
08/18/1995,12.450000,13.210000,12.080000,12.660000
08/21/1995,12.510000,13.050000,12.170000,13.030000
08/22/1995,13.490000,13.690000,12.980000,13.230000
08/23/1995,13.210000,13.940000,13.020000,13.910000
08/24/1995,14.480000,14.750000,13.350000,13.470000
08/25/1995,13.390000,13.510000,12.900000,12.990000
08/28/1995,13.260000,13.510000,12.780000,13.010000
08/29/1995,13.010000,13.880000,12.450000,12.450000
08/30/1995,12.690000,12.930000,12.340000,12.360000
08/31/1995,12.500000,12.570000,11.980000,11.990000
09/01/1995,12.120000,12.120000,11.400000,11.430000
09/05/1995,12.020000,12.020000,11.390000,11.850000
09/06/1995,12.100000,12.360000,11.980000,12.030000
09/07/1995,11.990000,12.390000,11.930000,12.140000
09/08/1995,12.180000,12.670000,10.180000,11.810000
09/11/1995,11.740000,12.270000,11.440000,11.780000
09/12/1995,11.810000,12.320000,11.480000,11.740000
09/13/1995,11.960000,12.410000,11.530000,11.700000
09/14/1995,12.040000,12.180000,11.470000,12.010000
09/15/1995,12.430000,12.970000,11.790000,12.030000
09/18/1995,12.690000,13.330000,12.420000,12.520000
09/19/1995,13.000000,13.320000,12.300000,12.630000
09/20/1995,13.450000,13.720000,12.130000,12.390000
09/21/1995,12.670000,13.220000,12.320000,12.420000
09/22/1995,13.160000,13.630000,12.520000,12.710000
09/25/1995,12.960000,13.500000,12.750000,12.750000
09/26/1995,12.820000,13.300000,12.570000,12.700000
09/27/1995,13.600000,14.360000,12.580000,12.580000
09/28/1995,12.770000,13.200000,12.400000,12.530000
09/29/1995,12.640000,13.400000,12.520000,12.990000
10/02/1995,13.110000,14.230000,12.870000,14.230000
10/03/1995,14.420000,15.240000,14.100000,14.150000
10/04/1995,14.880000,15.380000,14.600000,14.940000
10/05/1995,15.450000,15.780000,14.920000,14.950000
10/06/1995,14.270000,14.270000,13.460000,13.650000
10/09/1995,14.370000,15.560000,14.240000,14.810000
10/10/1995,16.190000,16.630000,14.000000,14.160000
10/11/1995,14.210000,14.850000,13.990000,14.240000
10/12/1995,14.260000,14.510000,13.620000,13.690000
10/13/1995,13.980000,13.990000,13.550000,13.750000
10/16/1995,14.350000,14.700000,14.150000,14.330000
10/17/1995,14.490000,14.740000,13.630000,13.800000
10/18/1995,13.950000,14.380000,13.780000,13.950000
10/19/1995,14.070000,14.260000,13.110000,13.310000
10/20/1995,13.330000,13.750000,12.850000,13.360000
10/23/1995,14.140000,14.490000,13.470000,13.810000
10/24/1995,13.920000,14.090000,13.210000,13.600000
10/25/1995,13.900000,15.220000,13.730000,14.920000
10/26/1995,14.950000,17.680000,14.910000,15.720000
10/27/1995,16.090000,16.680000,15.020000,15.020000
10/30/1995,14.760000,14.870000,14.150000,14.420000
10/31/1995,14.200000,14.490000,13.790000,14.420000
11/01/1995,14.330000,14.420000,13.650000,13.700000
11/02/1995,14.130000,14.130000,13.470000,13.560000
11/03/1995,13.260000,13.370000,12.660000,12.680000
11/06/1995,13.270000,13.330000,12.900000,13.170000
11/07/1995,13.690000,13.920000,13.110000,13.300000
11/08/1995,13.260000,13.300000,12.580000,12.720000
11/09/1995,13.440000,13.500000,12.750000,12.920000
11/10/1995,13.500000,13.820000,13.180000,13.590000
11/13/1995,13.930000,14.000000,13.410000,13.860000
11/14/1995,13.740000,14.180000,13.580000,14.000000
11/15/1995,14.250000,14.370000,13.410000,13.930000
11/16/1995,13.910000,14.110000,13.450000,13.760000
11/17/1995,13.720000,13.800000,12.910000,13.300000
11/20/1995,13.340000,13.450000,12.860000,13.170000
11/21/1995,12.980000,13.220000,12.030000,12.110000
11/22/1995,12.490000,12.640000,11.510000,12.240000
11/24/1995,12.540000,12.650000,12.310000,12.470000
11/27/1995,12.180000,12.720000,12.180000,12.570000
11/28/1995,12.770000,12.890000,11.670000,11.690000
11/29/1995,11.880000,12.060000,11.550000,11.620000
11/30/1995,12.050000,12.280000,11.700000,12.050000
12/01/1995,11.870000,11.980000,11.140000,11.210000
12/04/1995,11.560000,11.610000,10.560000,10.850000
12/05/1995,11.150000,11.860000,9.750000,11.700000
12/06/1995,12.850000,13.580000,12.770000,12.920000
12/07/1995,12.990000,13.070000,12.420000,12.640000
12/08/1995,12.700000,12.970000,11.730000,11.770000
12/11/1995,11.990000,11.990000,10.760000,11.340000
12/12/1995,11.590000,11.720000,10.980000,11.300000
12/13/1995,11.260000,11.470000,10.790000,10.940000
12/14/1995,10.870000,11.950000,10.740000,11.750000
12/15/1995,11.870000,13.880000,11.760000,12.210000
12/18/1995,12.240000,15.480000,12.240000,15.010000
12/19/1995,14.720000,14.720000,12.490000,12.520000
12/20/1995,12.070000,12.940000,11.410000,12.940000
12/21/1995,12.660000,13.320000,11.920000,12.040000
12/22/1995,12.040000,12.540000,11.760000,12.170000
12/26/1995,12.570000,12.570000,12.060000,12.280000
12/27/1995,12.490000,13.050000,12.270000,13.000000
12/28/1995,13.250000,13.670000,13.040000,13.280000
12/29/1995,13.730000,14.080000,13.530000,13.890000
01/02/1996,14.460000,14.460000,13.160000,13.250000
01/03/1996,13.070000,13.410000,12.660000,12.740000
01/04/1996,13.070000,15.450000,12.910000,14.000000
01/05/1996,15.030000,15.890000,13.770000,13.870000
01/08/1996,14.080000,14.230000,12.870000,12.940000
01/09/1996,13.340000,15.980000,13.300000,15.640000
01/10/1996,17.040000,18.190000,15.670000,17.330000
01/11/1996,16.160000,17.150000,14.760000,15.010000
01/12/1996,14.800000,16.980000,14.350000,14.960000
01/15/1996,15.060000,16.530000,14.740000,16.200000
01/16/1996,15.710000,16.470000,14.520000,14.560000
01/17/1996,14.460000,15.630000,14.100000,15.020000
01/18/1996,14.980000,15.930000,14.360000,14.380000
01/19/1996,14.420000,14.520000,13.500000,13.600000
01/22/1996,13.910000,14.280000,13.690000,13.930000
01/23/1996,14.480000,14.790000,13.860000,13.860000
01/24/1996,13.630000,14.310000,13.450000,13.530000
01/25/1996,13.700000,13.970000,13.410000,13.580000
01/26/1996,13.850000,13.900000,12.740000,13.110000
01/29/1996,13.250000,13.270000,12.820000,12.900000
01/30/1996,13.060000,13.630000,13.040000,13.610000
01/31/1996,13.460000,14.030000,13.030000,13.290000
02/01/1996,13.500000,13.700000,13.140000,13.390000
02/02/1996,13.300000,14.190000,13.170000,13.740000
02/05/1996,14.130000,14.320000,13.380000,13.840000
02/06/1996,14.160000,15.510000,14.120000,15.260000
02/07/1996,15.810000,15.970000,14.710000,15.040000
02/08/1996,15.310000,16.190000,14.800000,16.170000
02/09/1996,16.350000,17.600000,16.070000,16.110000
02/12/1996,16.140000,17.090000,16.000000,17.060000
02/13/1996,17.130000,17.250000,16.030000,16.720000
02/14/1996,17.350000,17.650000,16.600000,17.170000
02/15/1996,17.420000,19.000000,17.320000,17.810000
02/16/1996,18.090000,18.190000,16.680000,16.950000
02/20/1996,18.060000,18.660000,17.370000,17.790000
02/21/1996,16.980000,16.980000,15.210000,15.210000
02/22/1996,15.190000,16.800000,14.840000,15.800000
02/23/1996,16.380000,17.320000,15.690000,15.700000
02/26/1996,16.650000,17.430000,16.490000,17.430000
02/27/1996,17.950000,18.650000,17.500000,17.500000
02/28/1996,17.070000,17.950000,16.580000,17.720000
02/29/1996,18.420000,19.340000,17.500000,18.350000
03/01/1996,18.610000,19.880000,17.820000,17.960000
03/04/1996,18.210000,18.340000,17.320000,17.770000
03/05/1996,17.700000,17.740000,16.590000,16.590000
03/06/1996,17.370000,18.030000,17.370000,17.900000
03/07/1996,18.270000,18.360000,17.490000,17.640000
03/08/1996,20.420000,26.690000,19.350000,24.370000
03/11/1996,21.540000,23.600000,19.290000,19.290000
03/12/1996,19.590000,24.030000,18.960000,19.840000
03/13/1996,20.270000,20.820000,18.880000,19.830000
03/14/1996,19.310000,19.420000,18.430000,18.800000
03/15/1996,18.930000,19.030000,17.640000,18.090000
03/18/1996,17.540000,18.680000,17.230000,18.680000
03/19/1996,19.060000,20.200000,18.910000,19.710000
03/20/1996,19.910000,21.160000,19.380000,19.510000
03/21/1996,19.840000,19.880000,18.890000,19.390000
03/22/1996,18.750000,19.240000,18.350000,18.680000
03/25/1996,18.760000,19.400000,18.400000,18.870000
03/26/1996,19.320000,19.560000,18.150000,18.820000
03/27/1996,19.420000,19.960000,18.940000,19.570000
03/28/1996,19.720000,19.790000,16.640000,19.120000
03/29/1996,19.910000,20.460000,19.430000,20.290000
04/01/1996,19.840000,19.970000,18.720000,18.780000
04/02/1996,18.990000,19.090000,17.180000,17.230000
04/03/1996,17.780000,17.950000,17.180000,17.420000
04/04/1996,17.310000,17.830000,17.080000,17.510000
04/08/1996,21.150000,22.190000,18.800000,18.850000
04/09/1996,18.140000,18.830000,18.010000,18.640000
04/10/1996,19.280000,22.850000,18.750000,21.710000
04/11/1996,21.490000,24.100000,20.590000,20.770000
04/12/1996,20.040000,20.040000,18.640000,19.200000
04/15/1996,19.040000,19.330000,17.660000,17.820000
04/16/1996,17.720000,17.990000,17.030000,17.550000
04/17/1996,17.830000,18.900000,17.310000,18.220000
04/18/1996,17.820000,18.490000,17.230000,17.420000
04/19/1996,17.100000,17.200000,15.890000,15.950000
04/22/1996,15.510000,16.620000,15.500000,15.880000
04/23/1996,15.930000,16.200000,15.390000,15.500000
04/24/1996,15.850000,16.470000,15.380000,15.590000
04/25/1996,16.070000,16.850000,15.200000,15.560000
04/26/1996,15.550000,15.890000,15.140000,15.390000
04/29/1996,16.140000,16.280000,15.710000,15.940000
04/30/1996,16.520000,16.980000,16.410000,16.840000
05/01/1996,17.390000,17.400000,16.870000,17.070000
05/02/1996,17.950000,19.870000,17.680000,19.010000
05/03/1996,18.000000,18.590000,16.510000,17.460000
05/06/1996,16.850000,18.730000,16.850000,17.030000
05/07/1996,17.130000,18.570000,16.830000,16.830000
05/08/1996,18.280000,19.540000,15.560000,15.840000
05/09/1996,16.050000,17.890000,15.960000,17.200000
05/10/1996,16.230000,16.730000,15.640000,15.940000
05/13/1996,16.490000,16.970000,15.840000,16.470000
05/14/1996,15.830000,16.660000,15.370000,16.120000
05/15/1996,15.960000,17.320000,15.880000,16.500000
05/16/1996,16.890000,17.360000,16.300000,16.800000
05/17/1996,16.550000,16.680000,15.880000,16.340000
05/20/1996,16.110000,16.780000,15.730000,16.510000
05/21/1996,17.250000,17.610000,16.490000,17.250000
05/22/1996,17.080000,17.210000,16.130000,16.810000
05/23/1996,17.170000,17.970000,16.830000,17.250000
05/24/1996,17.060000,17.100000,16.490000,16.700000
05/28/1996,17.170000,18.160000,16.990000,17.840000
05/29/1996,18.070000,18.840000,17.750000,18.130000
05/30/1996,18.430000,18.570000,16.590000,16.830000
05/31/1996,17.180000,18.210000,16.580000,17.340000
06/03/1996,18.310000,18.360000,17.390000,17.750000
06/04/1996,17.330000,17.750000,17.210000,17.310000
06/05/1996,17.570000,17.770000,17.140000,17.140000
06/06/1996,17.740000,18.670000,17.550000,18.230000
06/07/1996,19.290000,19.870000,17.510000,17.510000
06/10/1996,17.760000,18.380000,17.610000,17.870000
06/11/1996,17.600000,18.170000,16.920000,17.800000
06/12/1996,17.930000,18.570000,17.650000,18.560000
06/13/1996,18.410000,19.390000,18.210000,18.210000
06/14/1996,19.430000,19.430000,18.210000,18.480000
06/17/1996,18.960000,19.350000,17.880000,18.450000
06/18/1996,19.090000,19.270000,18.360000,19.140000
06/19/1996,19.220000,19.400000,18.460000,18.720000
06/20/1996,18.510000,19.200000,18.210000,18.380000
06/21/1996,18.120000,18.250000,17.030000,17.570000
06/24/1996,17.530000,17.550000,16.780000,17.300000
06/25/1996,17.330000,17.500000,16.810000,16.830000
06/26/1996,16.990000,17.530000,16.670000,16.970000
06/27/1996,17.360000,17.360000,15.730000,16.090000
06/28/1996,15.940000,16.090000,15.120000,15.200000
07/01/1996,15.220000,15.360000,14.950000,15.080000
07/02/1996,15.280000,15.950000,15.230000,15.710000
07/03/1996,16.040000,16.380000,15.490000,15.760000
07/05/1996,15.540000,19.530000,15.540000,18.100000
07/08/1996,18.420000,19.420000,17.510000,18.390000
07/09/1996,17.790000,17.970000,17.100000,17.300000
07/10/1996,17.730000,18.280000,16.460000,16.460000
07/11/1996,17.340000,21.500000,17.040000,18.810000
07/12/1996,19.120000,20.480000,18.090000,18.260000
07/15/1996,19.150000,23.110000,19.040000,22.650000
07/16/1996,23.080000,23.580000,20.730000,22.050000
07/17/1996,20.950000,22.810000,20.280000,20.970000
07/18/1996,20.880000,21.760000,18.030000,18.330000
07/19/1996,18.180000,19.440000,17.700000,18.480000
07/22/1996,20.180000,22.460000,20.060000,21.530000
07/23/1996,21.240000,25.660000,20.380000,24.430000
07/24/1996,27.720000,28.450000,22.830000,22.830000
07/25/1996,21.230000,21.620000,17.370000,20.100000
07/26/1996,19.880000,20.310000,18.260000,18.620000
07/29/1996,18.890000,20.950000,18.760000,20.800000
07/30/1996,21.030000,22.730000,20.670000,20.670000
07/31/1996,21.150000,21.150000,19.910000,20.190000
08/01/1996,20.390000,20.680000,18.850000,19.380000
08/02/1996,18.730000,18.730000,16.980000,17.090000
08/05/1996,17.520000,17.790000,17.170000,17.470000
08/06/1996,18.190000,18.450000,14.780000,17.080000
08/07/1996,17.400000,17.570000,16.710000,16.730000
08/08/1996,17.190000,17.330000,16.590000,16.840000
08/09/1996,16.900000,17.010000,15.970000,16.260000
08/12/1996,17.270000,17.540000,15.840000,16.340000
08/13/1996,16.980000,19.870000,16.040000,16.820000
08/14/1996,16.730000,17.600000,16.020000,16.530000
08/15/1996,16.590000,19.670000,15.960000,16.290000
08/16/1996,16.190000,16.330000,15.480000,16.130000
08/19/1996,16.350000,16.810000,15.850000,16.150000
08/20/1996,16.590000,16.850000,15.670000,15.800000
08/21/1996,16.020000,16.330000,15.110000,15.260000
08/22/1996,15.480000,15.510000,14.430000,14.770000
08/23/1996,15.320000,15.890000,13.940000,15.200000
08/26/1996,15.660000,16.260000,15.570000,15.930000
08/27/1996,15.990000,16.700000,15.780000,15.840000
08/28/1996,15.980000,16.320000,15.660000,15.990000
08/29/1996,16.430000,17.510000,16.200000,16.980000
08/30/1996,17.070000,18.330000,17.040000,17.640000
09/03/1996,18.990000,20.350000,18.200000,18.750000
09/04/1996,19.330000,19.780000,18.790000,18.880000
09/05/1996,20.060000,21.260000,19.730000,21.140000
09/06/1996,18.830000,18.900000,17.300000,17.930000
09/09/1996,17.430000,17.510000,16.340000,16.790000
09/10/1996,16.760000,17.280000,16.410000,16.660000
09/11/1996,17.280000,17.400000,16.430000,16.640000
09/12/1996,16.470000,16.860000,16.320000,16.670000
09/13/1996,16.920000,17.150000,15.860000,16.060000
09/16/1996,16.450000,16.760000,16.040000,16.380000
09/17/1996,16.230000,17.300000,16.140000,16.490000
09/18/1996,16.730000,17.600000,16.580000,16.870000
09/19/1996,17.710000,17.710000,16.580000,16.850000
09/20/1996,16.800000,16.820000,16.120000,16.200000
09/23/1996,17.160000,17.730000,16.850000,17.220000
09/24/1996,17.540000,18.050000,16.520000,16.670000
09/25/1996,16.800000,17.640000,16.730000,17.010000
09/26/1996,17.240000,17.650000,16.610000,17.230000
09/27/1996,17.970000,19.240000,17.140000,17.260000
09/30/1996,17.190000,17.870000,16.890000,17.870000
10/01/1996,18.230000,18.730000,17.600000,17.700000
10/02/1996,17.660000,18.070000,17.390000,17.480000
10/03/1996,18.080000,18.280000,17.840000,18.080000
10/04/1996,16.830000,16.950000,16.080000,16.360000
10/07/1996,16.110000,16.570000,15.950000,16.160000
10/08/1996,16.240000,16.550000,15.850000,16.370000
10/09/1996,16.300000,17.340000,16.300000,16.750000
10/10/1996,17.320000,17.620000,16.630000,16.860000
10/11/1996,16.190000,16.430000,15.510000,15.510000
10/14/1996,16.170000,16.260000,15.590000,16.040000
10/15/1996,16.660000,17.370000,15.920000,17.010000
10/16/1996,16.640000,17.440000,16.370000,16.420000
10/17/1996,16.300000,16.880000,15.140000,16.510000
10/18/1996,16.760000,17.140000,16.130000,16.380000
10/21/1996,16.240000,17.370000,15.890000,17.090000
10/22/1996,17.390000,17.790000,16.880000,17.230000
10/23/1996,17.970000,18.590000,17.090000,17.250000
10/24/1996,17.130000,18.350000,16.860000,18.350000
10/25/1996,18.860000,19.030000,18.160000,18.660000
10/28/1996,18.400000,19.290000,17.930000,19.250000
10/29/1996,19.420000,20.060000,18.880000,19.460000
10/30/1996,19.660000,19.880000,19.080000,19.380000
10/31/1996,20.000000,20.190000,19.490000,19.930000
11/01/1996,18.800000,19.840000,18.720000,19.430000
11/04/1996,19.680000,19.930000,18.500000,18.570000
11/05/1996,18.250000,18.340000,17.340000,18.230000
11/06/1996,17.580000,17.730000,16.550000,17.220000
11/07/1996,17.680000,18.300000,17.220000,17.860000
11/08/1996,17.720000,18.030000,15.820000,16.050000
11/11/1996,17.350000,17.750000,16.620000,16.660000
11/12/1996,17.100000,17.240000,16.080000,16.750000
11/13/1996,16.750000,16.820000,15.620000,15.920000
11/14/1996,15.670000,16.000000,14.630000,15.160000
11/15/1996,15.210000,16.490000,14.450000,15.970000
11/18/1996,16.370000,16.610000,15.680000,16.040000
11/19/1996,16.520000,16.720000,15.870000,16.160000
11/20/1996,16.640000,17.720000,16.300000,17.270000
11/21/1996,17.530000,18.450000,16.840000,16.840000
11/22/1996,16.440000,16.540000,15.800000,16.150000
11/25/1996,16.560000,17.790000,16.290000,17.770000
11/26/1996,18.330000,19.860000,17.800000,18.330000
11/27/1996,18.600000,18.930000,18.050000,18.200000
11/29/1996,18.800000,19.080000,18.430000,18.690000
12/02/1996,19.270000,19.830000,18.560000,18.780000
12/03/1996,19.080000,19.770000,18.500000,19.770000
12/04/1996,20.130000,20.170000,18.530000,18.850000
12/05/1996,19.170000,20.150000,19.010000,19.900000
12/06/1996,22.910000,22.910000,19.710000,20.440000
12/09/1996,19.960000,19.960000,18.270000,18.270000
12/10/1996,18.550000,19.040000,18.120000,18.850000
12/11/1996,20.640000,22.740000,19.710000,20.590000
12/12/1996,19.680000,21.830000,19.670000,21.790000
12/13/1996,22.490000,24.260000,21.970000,22.260000
12/17/1996,22.600000,23.520000,21.670000,22.080000
12/18/1996,21.080000,21.210000,20.100000,20.680000
12/19/1996,20.520000,20.600000,19.660000,19.660000
12/20/1996,20.630000,21.230000,19.070000,19.690000
12/23/1996,20.060000,20.460000,19.290000,19.930000
12/24/1996,19.750000,19.750000,18.780000,18.950000
12/26/1996,19.590000,19.920000,19.040000,19.600000
12/27/1996,20.000000,20.870000,19.910000,20.350000
12/30/1996,20.110000,20.410000,19.480000,20.250000
12/31/1996,20.890000,21.670000,20.530000,21.670000
01/02/1997,22.950000,24.430000,21.890000,21.890000
01/03/1997,21.230000,21.380000,19.890000,19.990000
01/06/1997,20.550000,21.220000,20.150000,20.490000
01/07/1997,21.150000,21.360000,19.850000,19.990000
01/08/1997,20.230000,21.630000,20.190000,21.180000
01/09/1997,21.400000,22.300000,20.780000,21.650000
01/10/1997,21.870000,22.390000,20.410000,21.760000
01/13/1997,21.390000,22.290000,21.070000,21.560000
01/14/1997,21.810000,21.810000,20.740000,21.430000
01/15/1997,21.420000,22.460000,21.090000,21.870000
01/16/1997,21.590000,22.760000,20.980000,21.960000
01/17/1997,21.540000,21.680000,20.370000,20.870000
01/20/1997,20.600000,20.690000,19.290000,20.250000
01/21/1997,20.660000,21.020000,19.350000,19.510000
01/22/1997,19.850000,20.160000,18.460000,18.550000
01/23/1997,18.870000,20.770000,18.340000,20.770000
01/24/1997,20.530000,21.880000,19.940000,20.660000
01/27/1997,20.890000,22.210000,20.820000,21.770000
01/28/1997,20.790000,23.210000,20.500000,22.470000
01/29/1997,22.450000,22.880000,21.770000,21.770000
01/30/1997,21.630000,22.240000,21.320000,21.480000
01/31/1997,21.620000,21.620000,20.330000,20.820000
02/03/1997,21.310000,21.620000,20.540000,20.540000
02/04/1997,21.390000,21.620000,20.570000,20.640000
02/05/1997,21.100000,23.270000,20.770000,22.130000
02/06/1997,22.270000,23.000000,21.440000,21.730000
02/07/1997,20.990000,22.070000,20.340000,20.690000
02/10/1997,21.000000,22.400000,20.780000,21.880000
02/11/1997,21.690000,22.070000,20.730000,20.730000
02/12/1997,21.210000,21.910000,20.950000,21.060000
02/13/1997,21.280000,21.280000,20.600000,20.930000
02/14/1997,22.060000,22.060000,20.190000,20.510000
02/18/1997,22.170000,23.210000,21.210000,21.210000
02/19/1997,21.960000,22.730000,21.560000,22.460000
02/20/1997,23.690000,24.180000,22.600000,23.590000
02/21/1997,23.510000,23.750000,21.990000,22.190000
02/24/1997,22.720000,22.920000,21.070000,21.300000
02/25/1997,21.130000,21.500000,20.360000,20.470000
02/26/1997,21.160000,25.280000,20.770000,22.280000
02/27/1997,22.580000,24.280000,22.390000,23.510000
02/28/1997,24.290000,24.540000,22.990000,23.460000
03/03/1997,24.010000,24.010000,21.940000,22.050000
03/04/1997,22.700000,22.970000,22.070000,22.810000
03/05/1997,22.320000,23.090000,21.270000,21.440000
03/06/1997,21.930000,23.270000,21.750000,22.880000
03/07/1997,21.790000,21.930000,21.240000,21.580000
03/10/1997,21.850000,21.850000,20.500000,20.530000
03/11/1997,20.720000,21.350000,20.620000,20.720000
03/12/1997,22.020000,22.200000,21.270000,21.630000
03/13/1997,21.890000,23.020000,21.690000,23.000000
03/14/1997,22.860000,22.910000,21.740000,21.830000
03/17/1997,23.720000,24.560000,22.720000,23.040000
03/18/1997,23.700000,24.920000,23.070000,24.280000
03/19/1997,24.150000,25.180000,23.340000,23.750000
03/20/1997,24.240000,25.360000,23.270000,23.760000
03/21/1997,23.520000,24.000000,21.590000,21.880000
03/24/1997,21.990000,23.280000,21.700000,21.840000
03/25/1997,21.990000,22.170000,20.620000,21.020000
03/26/1997,21.160000,21.540000,20.070000,20.270000
03/27/1997,19.970000,23.550000,19.140000,22.770000
03/31/1997,24.290000,25.560000,22.200000,24.990000
04/01/1997,24.910000,25.310000,22.610000,22.810000
04/02/1997,22.920000,24.370000,22.500000,23.580000
04/03/1997,24.250000,25.170000,23.360000,23.370000
04/04/1997,24.040000,24.160000,21.490000,21.530000
04/07/1997,21.170000,21.430000,17.380000,19.830000
04/08/1997,20.140000,20.430000,19.670000,19.670000
04/09/1997,19.990000,21.210000,19.930000,20.590000
04/10/1997,20.630000,21.500000,20.560000,21.030000
04/11/1997,22.990000,23.240000,21.440000,22.210000
04/14/1997,22.190000,23.290000,21.080000,21.700000
04/15/1997,21.400000,21.980000,20.370000,20.840000
04/16/1997,20.480000,20.980000,20.040000,20.490000
04/17/1997,20.510000,21.190000,19.730000,20.780000
04/18/1997,20.690000,21.030000,19.870000,20.480000
04/21/1997,20.720000,21.850000,20.090000,21.170000
04/22/1997,21.070000,21.690000,20.750000,21.170000
04/23/1997,21.540000,22.790000,21.530000,22.210000
04/24/1997,22.110000,22.870000,21.460000,22.380000
04/25/1997,22.850000,23.690000,22.310000,22.730000
04/28/1997,22.940000,23.190000,21.900000,22.100000
04/29/1997,21.690000,21.920000,21.040000,21.310000
04/30/1997,21.790000,21.900000,20.920000,21.190000
05/01/1997,21.870000,22.450000,21.270000,21.520000
05/02/1997,20.730000,20.880000,18.870000,19.010000
05/05/1997,19.900000,22.520000,19.320000,22.270000
05/06/1997,22.840000,23.970000,22.240000,22.240000
05/07/1997,23.220000,23.230000,22.280000,22.600000
05/08/1997,23.170000,23.550000,21.920000,22.570000
05/09/1997,22.740000,23.620000,21.900000,21.900000
05/12/1997,22.520000,22.940000,21.070000,21.960000
05/13/1997,22.580000,23.410000,21.940000,22.350000
05/14/1997,23.180000,23.620000,22.450000,23.470000
05/15/1997,23.300000,23.650000,21.160000,21.160000
05/16/1997,21.890000,24.490000,21.840000,24.210000
05/19/1997,24.600000,24.600000,23.020000,23.640000
05/20/1997,23.890000,24.340000,21.510000,21.700000
05/21/1997,21.520000,22.150000,21.080000,21.340000
05/22/1997,21.320000,21.880000,20.770000,21.000000
05/23/1997,20.610000,20.960000,20.090000,20.440000
05/27/1997,21.200000,21.900000,20.940000,21.720000
05/28/1997,22.020000,22.520000,21.600000,21.630000
05/29/1997,22.030000,22.210000,21.270000,21.630000
05/30/1997,22.530000,22.930000,21.810000,22.120000
06/02/1997,21.990000,22.510000,21.790000,21.920000
06/03/1997,22.650000,22.910000,22.160000,22.470000
06/04/1997,22.830000,22.940000,22.350000,22.720000
06/05/1997,23.470000,23.580000,22.800000,22.970000
06/06/1997,22.570000,22.700000,21.760000,22.130000
06/09/1997,22.340000,22.410000,21.700000,21.890000
06/10/1997,21.990000,22.140000,21.350000,21.440000
06/11/1997,22.230000,22.250000,21.390000,21.450000
06/12/1997,22.200000,22.310000,21.500000,22.060000
06/13/1997,22.400000,23.820000,21.610000,22.610000
06/16/1997,23.320000,23.960000,22.830000,22.880000
06/17/1997,23.340000,23.610000,22.270000,22.990000
06/18/1997,23.050000,23.390000,22.510000,22.820000
06/19/1997,23.040000,23.570000,22.370000,22.890000
06/20/1997,22.880000,22.940000,22.250000,22.440000
06/23/1997,23.080000,24.110000,22.240000,24.110000
06/24/1997,22.900000,23.460000,22.410000,22.680000
06/25/1997,23.170000,24.800000,22.700000,24.250000
06/26/1997,24.070000,24.690000,23.450000,23.970000
06/27/1997,24.030000,24.070000,22.850000,23.580000
06/30/1997,23.630000,24.650000,23.070000,23.340000
07/01/1997,24.310000,24.360000,23.310000,23.380000
07/02/1997,23.270000,23.380000,21.280000,21.420000
07/03/1997,21.690000,22.080000,20.320000,20.470000
07/07/1997,21.210000,22.080000,21.100000,21.810000
07/08/1997,21.620000,21.710000,20.820000,21.140000
07/09/1997,22.150000,24.000000,21.870000,23.600000
07/10/1997,23.070000,23.780000,22.260000,22.410000
07/11/1997,23.130000,23.330000,21.710000,22.030000
07/14/1997,22.660000,23.450000,21.900000,23.120000
07/15/1997,23.230000,23.760000,22.320000,22.590000
07/16/1997,22.800000,23.030000,22.360000,22.630000
07/17/1997,23.590000,24.870000,23.090000,24.140000
07/18/1997,24.340000,27.910000,23.460000,26.120000
07/21/1997,26.800000,26.960000,25.940000,26.280000
07/22/1997,25.980000,26.450000,24.240000,24.260000
07/23/1997,24.680000,25.200000,23.880000,24.040000
07/24/1997,24.520000,24.870000,23.170000,23.480000
07/25/1997,23.690000,24.210000,20.330000,23.490000
07/28/1997,23.600000,24.060000,23.210000,23.850000
07/29/1997,24.780000,24.900000,23.530000,24.040000
07/30/1997,24.350000,24.350000,23.170000,23.400000
07/31/1997,24.140000,24.580000,23.360000,23.750000
08/01/1997,23.490000,25.270000,23.280000,24.200000
08/04/1997,24.190000,24.520000,22.350000,22.430000
08/05/1997,22.870000,23.070000,21.650000,21.830000
08/06/1997,22.750000,22.770000,20.890000,20.890000
08/07/1997,20.870000,21.580000,20.730000,20.910000
08/08/1997,22.640000,26.170000,22.640000,24.300000
08/11/1997,26.440000,26.570000,24.750000,25.080000
08/12/1997,25.150000,26.000000,24.150000,25.300000
08/13/1997,25.740000,27.980000,25.330000,26.050000
08/14/1997,26.840000,26.990000,24.620000,25.990000
08/15/1997,26.350000,29.390000,25.810000,28.140000
08/18/1997,29.010000,29.240000,26.060000,26.140000
08/19/1997,25.800000,26.380000,24.390000,24.390000
08/20/1997,24.570000,24.740000,23.120000,23.220000
08/21/1997,23.700000,27.260000,23.460000,26.820000
08/22/1997,28.600000,30.250000,26.710000,26.710000
08/25/1997,27.250000,27.350000,25.770000,26.390000
08/26/1997,26.900000,27.540000,26.290000,27.250000
08/27/1997,28.220000,29.210000,26.650000,26.900000
08/28/1997,27.080000,29.180000,26.160000,27.350000
08/29/1997,27.890000,28.720000,27.420000,27.940000
09/02/1997,28.630000,29.100000,26.560000,26.750000
09/03/1997,27.000000,27.510000,26.620000,27.020000
09/04/1997,27.950000,28.570000,27.730000,28.280000
09/05/1997,27.450000,27.840000,26.360000,26.620000
09/08/1997,26.380000,26.810000,25.910000,26.270000
09/09/1997,26.670000,26.880000,25.100000,25.440000
09/10/1997,26.450000,27.500000,26.390000,27.500000
09/11/1997,27.920000,29.880000,27.550000,27.550000
09/12/1997,28.480000,29.240000,26.940000,27.090000
09/15/1997,27.670000,28.230000,26.540000,27.260000
09/16/1997,27.870000,27.890000,25.380000,25.620000
09/17/1997,25.600000,26.480000,25.250000,25.870000
09/18/1997,26.310000,26.490000,24.070000,25.570000
09/19/1997,25.560000,26.690000,24.240000,24.430000
09/22/1997,25.150000,25.150000,23.200000,23.370000
09/23/1997,23.530000,24.160000,22.920000,23.170000
09/24/1997,23.370000,24.040000,22.420000,23.890000
09/25/1997,23.940000,24.930000,23.430000,24.680000
09/26/1997,24.800000,24.820000,23.650000,23.820000
09/29/1997,24.080000,24.490000,22.950000,22.950000
09/30/1997,23.930000,24.890000,23.410000,24.300000
10/01/1997,24.520000,24.740000,23.650000,23.690000
10/02/1997,24.360000,24.970000,23.440000,24.170000
10/03/1997,23.290000,24.860000,22.680000,23.040000
10/06/1997,23.300000,23.520000,22.120000,22.310000
10/07/1997,22.660000,22.860000,21.250000,21.250000
10/08/1997,22.000000,23.920000,22.000000,22.160000
10/09/1997,23.320000,23.510000,21.910000,22.230000
10/10/1997,23.320000,23.850000,22.210000,22.500000
10/13/1997,22.890000,23.490000,21.550000,22.510000
10/14/1997,22.140000,23.330000,21.410000,22.100000
10/15/1997,23.240000,23.270000,22.350000,23.030000
10/16/1997,23.030000,24.220000,21.860000,23.620000
10/17/1997,23.660000,26.480000,23.320000,23.940000
10/20/1997,23.990000,24.220000,22.240000,22.240000
10/21/1997,22.620000,22.760000,21.370000,21.790000
10/22/1997,21.820000,22.500000,21.460000,21.900000
10/23/1997,25.290000,27.680000,24.170000,25.340000
10/24/1997,23.070000,27.330000,23.040000,26.190000
10/27/1997,27.210000,40.040000,27.050000,39.960000
10/28/1997,44.050000,55.480000,30.110000,30.460000
10/29/1997,29.570000,34.350000,27.750000,32.310000
10/30/1997,36.740000,37.960000,34.410000,37.960000
10/31/1997,34.480000,37.910000,33.960000,34.460000
11/03/1997,31.190000,31.490000,28.860000,30.260000
11/04/1997,30.960000,33.220000,30.890000,31.190000
11/05/1997,31.510000,32.510000,29.820000,30.680000
11/06/1997,32.140000,33.570000,31.180000,31.490000
11/07/1997,36.110000,38.190000,33.640000,35.290000
11/10/1997,33.500000,37.180000,33.440000,36.760000
11/11/1997,36.320000,36.760000,34.790000,35.240000
11/12/1997,36.980000,39.740000,35.590000,37.780000
11/13/1997,37.560000,40.400000,36.060000,36.980000
11/14/1997,35.850000,37.510000,33.010000,33.040000
11/17/1997,33.010000,33.340000,29.790000,30.110000
11/18/1997,31.510000,32.260000,30.570000,31.780000
11/19/1997,31.970000,32.620000,29.820000,30.200000
11/20/1997,29.010000,29.650000,27.610000,27.980000
11/21/1997,27.490000,28.590000,26.430000,26.750000
11/24/1997,28.430000,30.350000,27.990000,29.630000
11/25/1997,29.150000,30.520000,28.590000,28.700000
11/26/1997,28.430000,29.370000,27.460000,27.990000
11/28/1997,28.890000,28.890000,27.250000,27.510000
12/01/1997,27.490000,27.490000,24.800000,24.880000
12/02/1997,25.600000,26.200000,25.020000,25.140000
12/03/1997,25.470000,25.530000,22.510000,22.870000
12/04/1997,23.860000,24.700000,22.630000,24.040000
12/05/1997,24.260000,24.270000,21.970000,22.590000
12/08/1997,22.370000,23.120000,22.080000,22.150000
12/09/1997,23.250000,23.410000,22.150000,22.630000
12/10/1997,24.010000,25.750000,23.280000,24.530000
12/11/1997,26.650000,28.780000,26.230000,27.990000
12/12/1997,27.650000,31.120000,27.440000,29.140000
12/15/1997,28.790000,30.290000,26.720000,27.440000
12/16/1997,26.140000,27.050000,24.940000,26.260000
12/17/1997,25.600000,27.070000,24.850000,27.010000
12/18/1997,26.850000,29.150000,26.490000,28.040000
12/19/1997,27.810000,34.990000,27.750000,29.100000
12/22/1997,29.350000,30.490000,28.340000,28.720000
12/23/1997,28.910000,30.470000,28.320000,30.470000
12/24/1997,31.360000,32.020000,30.660000,31.110000
12/26/1997,31.630000,32.200000,30.600000,31.240000
12/29/1997,29.630000,29.630000,27.240000,27.240000
12/30/1997,26.840000,26.940000,24.630000,24.930000
12/31/1997,25.100000,25.240000,24.020000,24.890000
01/02/1998,25.800000,26.470000,24.060000,24.140000
01/05/1998,24.840000,25.380000,23.290000,24.290000
01/06/1998,25.040000,26.280000,24.820000,25.630000
01/07/1998,27.320000,28.910000,26.050000,26.240000
01/08/1998,27.270000,27.820000,25.980000,26.210000
01/09/1998,27.910000,35.000000,27.580000,34.460000
01/12/1998,34.020000,35.410000,29.190000,29.640000
01/13/1998,28.230000,28.510000,25.750000,25.930000
01/14/1998,26.160000,27.280000,24.110000,24.210000
01/15/1998,24.750000,25.760000,23.990000,24.560000
01/16/1998,22.860000,23.420000,20.960000,22.230000
01/20/1998,22.660000,23.330000,21.060000,21.690000
01/21/1998,22.450000,23.830000,21.980000,22.090000
01/22/1998,23.740000,24.410000,22.300000,23.100000
01/23/1998,22.750000,25.320000,22.280000,23.520000
01/26/1998,23.570000,24.170000,22.580000,23.240000
01/27/1998,23.290000,23.290000,21.670000,22.220000
01/28/1998,21.650000,21.930000,21.290000,21.900000
01/29/1998,22.270000,22.590000,21.300000,21.550000
01/30/1998,22.220000,22.410000,21.430000,21.700000
02/02/1998,22.210000,22.210000,21.180000,21.400000
02/03/1998,21.940000,22.190000,20.750000,21.060000
02/04/1998,21.530000,21.750000,20.740000,21.030000
02/05/1998,21.260000,22.450000,20.900000,22.040000
02/06/1998,21.620000,21.750000,21.020000,21.130000
02/09/1998,21.670000,22.230000,21.250000,21.360000
02/10/1998,21.410000,21.510000,20.480000,20.910000
02/11/1998,21.300000,21.700000,20.640000,20.640000
02/12/1998,21.690000,22.220000,19.890000,20.040000
02/13/1998,20.870000,20.980000,19.810000,19.920000
02/17/1998,21.100000,21.800000,20.600000,21.200000
02/18/1998,21.360000,21.480000,20.070000,20.100000
02/19/1998,20.730000,21.040000,20.030000,20.390000
02/20/1998,20.620000,21.080000,19.130000,19.550000
02/23/1998,19.550000,20.180000,18.950000,19.120000
02/24/1998,19.540000,20.250000,18.940000,19.980000
02/25/1998,19.980000,20.240000,18.690000,18.860000
02/26/1998,19.520000,19.760000,18.910000,19.180000
02/27/1998,19.650000,20.020000,19.000000,19.430000
03/02/1998,19.670000,20.140000,19.130000,19.550000
03/03/1998,20.300000,20.560000,19.460000,19.470000
03/04/1998,20.290000,20.790000,19.700000,19.840000
03/05/1998,21.920000,23.050000,21.150000,22.130000
03/06/1998,21.140000,21.140000,19.710000,19.750000
03/09/1998,20.630000,20.810000,19.750000,20.260000
03/10/1998,19.610000,20.340000,19.490000,19.600000
03/11/1998,20.040000,20.090000,18.960000,19.020000
03/12/1998,19.580000,19.580000,18.060000,18.150000
03/13/1998,18.210000,19.400000,17.950000,19.130000
03/16/1998,19.370000,19.780000,18.460000,18.970000
03/17/1998,19.540000,20.080000,18.770000,19.080000
03/18/1998,19.720000,19.790000,18.400000,18.570000
03/19/1998,18.420000,18.940000,17.920000,18.280000
03/20/1998,18.410000,19.990000,18.090000,19.370000
03/23/1998,20.110000,20.610000,19.440000,20.490000
03/24/1998,20.690000,21.340000,20.400000,21.000000
03/25/1998,21.440000,24.410000,21.150000,23.080000
03/26/1998,23.750000,24.390000,22.450000,23.020000
03/27/1998,23.540000,25.350000,23.380000,24.400000
03/30/1998,23.960000,24.750000,23.770000,24.540000
03/31/1998,24.620000,25.020000,23.500000,24.250000
04/01/1998,24.640000,25.000000,23.030000,23.220000
04/02/1998,23.780000,23.780000,22.120000,22.430000
04/03/1998,23.130000,23.340000,22.070000,22.260000
04/06/1998,22.850000,23.040000,21.640000,22.410000
04/07/1998,23.590000,24.900000,23.230000,23.710000
04/08/1998,23.820000,24.480000,22.880000,23.660000
04/09/1998,22.660000,22.880000,21.720000,21.960000
04/13/1998,24.540000,25.230000,23.240000,23.380000
04/14/1998,23.690000,23.890000,22.290000,22.630000
04/15/1998,22.570000,22.970000,21.300000,21.420000
04/16/1998,22.290000,23.920000,22.210000,23.460000
04/17/1998,23.730000,24.080000,21.180000,21.440000
04/20/1998,21.710000,22.050000,20.820000,20.860000
04/21/1998,21.250000,21.560000,19.900000,20.030000
04/22/1998,19.980000,20.530000,19.360000,19.800000
04/23/1998,20.680000,21.840000,20.300000,21.540000
04/24/1998,22.130000,24.080000,21.390000,23.070000
04/27/1998,25.190000,28.570000,24.980000,26.450000
04/28/1998,25.250000,25.780000,24.260000,24.740000
04/29/1998,23.960000,24.260000,22.870000,23.240000
04/30/1998,22.570000,22.570000,21.160000,21.590000
05/01/1998,21.820000,22.040000,19.820000,19.970000
05/04/1998,19.850000,20.390000,19.380000,20.160000
05/05/1998,20.800000,22.280000,20.800000,21.440000
05/06/1998,21.820000,23.490000,21.820000,23.020000
05/07/1998,24.090000,24.830000,23.580000,23.840000
05/08/1998,22.330000,22.510000,21.100000,21.200000
05/11/1998,21.150000,23.300000,19.900000,22.550000
05/12/1998,21.600000,22.880000,20.930000,21.160000
05/13/1998,21.140000,22.280000,20.510000,21.100000
05/14/1998,21.800000,22.140000,19.750000,20.660000
05/15/1998,20.340000,21.430000,20.030000,21.350000
05/18/1998,21.390000,22.620000,20.540000,21.440000
05/19/1998,21.010000,21.160000,19.900000,20.300000
05/20/1998,19.860000,21.140000,19.690000,20.570000
05/21/1998,20.540000,20.930000,19.770000,19.920000
05/22/1998,19.690000,20.560000,19.180000,20.190000
05/26/1998,19.990000,22.720000,19.990000,22.690000
05/27/1998,25.570000,26.370000,22.360000,23.040000
05/28/1998,22.920000,22.990000,21.300000,21.480000
05/29/1998,21.330000,22.960000,20.750000,22.890000
06/01/1998,23.360000,24.420000,22.590000,23.520000
06/02/1998,22.930000,23.800000,22.300000,22.610000
06/03/1998,22.230000,23.950000,22.190000,23.830000
06/04/1998,24.170000,24.790000,22.270000,22.400000
06/05/1998,21.860000,22.280000,20.310000,20.310000
06/08/1998,21.230000,21.570000,20.390000,21.250000
06/09/1998,21.340000,21.580000,20.540000,20.770000
06/10/1998,21.990000,22.440000,20.160000,22.020000
06/11/1998,22.510000,23.420000,22.020000,22.020000
06/12/1998,24.810000,26.500000,23.180000,23.490000
06/15/1998,24.840000,26.930000,24.290000,26.930000
06/16/1998,26.640000,27.620000,25.030000,25.160000
06/17/1998,24.110000,24.270000,22.120000,23.230000
06/18/1998,23.590000,23.740000,22.190000,22.860000
06/19/1998,22.480000,23.010000,21.550000,22.190000
06/22/1998,22.870000,23.390000,21.140000,21.670000
06/23/1998,21.190000,21.220000,19.580000,19.790000
06/24/1998,20.650000,20.900000,19.790000,20.240000
06/25/1998,20.470000,21.020000,20.070000,20.670000
06/26/1998,20.350000,20.700000,19.670000,19.790000
06/29/1998,18.940000,19.610000,18.680000,19.310000
06/30/1998,19.760000,20.360000,19.240000,19.860000
07/01/1998,19.550000,20.070000,18.050000,18.050000
07/02/1998,18.270000,18.430000,17.560000,18.080000
07/06/1998,18.920000,19.090000,18.130000,18.300000
07/07/1998,18.670000,18.840000,18.170000,18.570000
07/08/1998,18.600000,18.970000,17.430000,17.880000
07/09/1998,18.420000,18.890000,17.680000,18.570000
07/10/1998,18.490000,19.680000,17.590000,17.790000
07/13/1998,18.830000,19.970000,18.730000,18.990000
07/14/1998,19.010000,19.120000,18.050000,18.250000
07/15/1998,18.480000,19.060000,18.090000,18.690000
07/16/1998,18.750000,18.950000,16.860000,17.210000
07/17/1998,17.230000,17.860000,16.780000,16.880000
07/20/1998,17.000000,17.940000,16.730000,17.620000
07/21/1998,17.730000,20.390000,17.730000,20.220000
07/22/1998,20.800000,22.080000,20.050000,20.430000
07/23/1998,20.930000,24.840000,20.790000,24.840000
07/24/1998,23.690000,25.260000,22.700000,23.130000
07/27/1998,24.570000,25.660000,22.900000,22.940000
07/28/1998,23.660000,27.890000,23.520000,24.660000
07/29/1998,24.180000,26.020000,23.970000,25.600000
07/30/1998,24.270000,24.590000,22.490000,22.570000
07/31/1998,23.270000,26.890000,22.440000,26.270000
08/03/1998,26.340000,27.010000,25.160000,26.250000
08/04/1998,26.070000,33.100000,26.030000,33.100000
08/05/1998,34.670000,34.670000,29.060000,30.260000
08/06/1998,30.320000,31.660000,28.290000,28.320000
08/07/1998,28.300000,28.310000,25.280000,27.090000
08/10/1998,28.160000,28.870000,27.070000,28.360000
08/11/1998,31.650000,34.500000,30.820000,30.880000
08/12/1998,29.410000,30.080000,27.710000,27.710000
08/13/1998,27.730000,30.130000,27.730000,29.660000
08/14/1998,29.230000,34.940000,29.090000,32.680000
08/17/1998,35.610000,36.120000,30.680000,31.080000
08/18/1998,30.990000,30.990000,27.490000,28.790000
08/19/1998,27.430000,28.440000,26.390000,27.710000
08/20/1998,30.060000,30.710000,28.350000,29.190000
08/21/1998,31.850000,37.960000,30.770000,31.910000
08/24/1998,30.700000,32.030000,29.830000,30.270000
08/25/1998,28.030000,29.970000,26.660000,28.900000
08/26/1998,32.220000,32.590000,29.460000,30.660000
08/27/1998,33.810000,41.460000,33.420000,39.160000
08/28/1998,40.450000,44.770000,38.480000,40.950000
08/31/1998,39.260000,50.660000,38.700000,48.330000
09/01/1998,46.400000,53.430000,36.600000,39.850000
09/02/1998,36.510000,40.530000,35.650000,40.420000
09/03/1998,44.870000,46.960000,40.960000,43.930000
09/04/1998,42.030000,48.460000,41.070000,44.610000
09/08/1998,41.170000,41.770000,35.760000,37.050000
09/09/1998,38.600000,40.610000,36.390000,39.080000
09/10/1998,46.010000,49.500000,43.700000,47.520000
09/11/1998,51.940000,51.940000,43.660000,44.090000
09/14/1998,40.530000,41.110000,36.750000,38.360000
09/15/1998,39.710000,39.910000,36.580000,37.070000
09/16/1998,36.140000,38.870000,35.360000,36.180000
09/17/1998,39.490000,43.850000,39.490000,42.330000
09/18/1998,41.400000,42.610000,39.950000,40.490000
09/21/1998,46.070000,46.820000,39.170000,39.640000
09/22/1998,37.370000,39.080000,36.950000,37.470000
09/23/1998,35.790000,36.190000,30.830000,31.530000
09/24/1998,32.690000,37.420000,31.620000,35.740000
09/25/1998,38.640000,38.910000,34.410000,35.600000
09/28/1998,33.810000,36.170000,33.080000,35.190000
09/29/1998,35.130000,39.570000,34.410000,36.100000
09/30/1998,37.490000,42.250000,36.700000,41.940000
10/01/1998,44.130000,47.990000,43.400000,46.450000
10/02/1998,44.470000,47.460000,41.320000,42.360000
10/05/1998,44.780000,50.110000,43.350000,44.440000
10/06/1998,41.370000,45.430000,40.310000,43.910000
10/07/1998,46.590000,51.620000,43.530000,48.270000
10/08/1998,52.510000,60.630000,47.840000,48.560000
10/09/1998,48.040000,52.120000,45.100000,45.690000
10/12/1998,43.770000,46.220000,40.140000,43.410000
10/13/1998,42.790000,44.760000,42.060000,43.110000
10/14/1998,44.340000,45.610000,39.480000,41.310000
10/15/1998,42.240000,42.540000,34.060000,35.950000
10/16/1998,34.850000,37.500000,34.210000,35.840000
10/19/1998,35.470000,36.160000,31.400000,31.460000
10/20/1998,30.800000,33.410000,29.140000,32.800000
10/21/1998,33.280000,34.110000,31.480000,31.710000
10/22/1998,33.430000,33.970000,30.180000,30.760000
10/23/1998,31.240000,31.950000,29.890000,30.670000
10/26/1998,30.910000,31.780000,29.190000,30.320000
10/27/1998,29.220000,32.270000,28.580000,31.490000
10/28/1998,32.500000,33.760000,30.260000,31.080000
10/29/1998,30.730000,31.120000,27.750000,27.840000
10/30/1998,26.650000,27.840000,25.950000,26.560000
11/02/1998,25.780000,26.640000,24.470000,25.020000
11/03/1998,25.730000,27.070000,25.320000,26.370000
11/04/1998,25.190000,27.120000,24.580000,25.880000
11/05/1998,27.260000,27.810000,24.400000,24.800000
11/06/1998,25.460000,25.910000,24.210000,24.620000
11/09/1998,25.160000,27.190000,24.920000,25.880000
11/10/1998,26.470000,27.550000,25.060000,25.920000
11/11/1998,25.720000,27.950000,25.590000,27.540000
11/12/1998,28.000000,28.660000,26.640000,28.370000
11/13/1998,29.530000,29.910000,28.030000,28.190000
11/16/1998,27.530000,29.540000,27.020000,28.450000
11/17/1998,28.880000,30.420000,26.130000,27.940000
11/18/1998,27.200000,28.060000,25.110000,25.110000
11/19/1998,25.330000,25.770000,23.730000,24.000000
11/20/1998,23.000000,23.310000,20.920000,21.220000
11/23/1998,21.250000,21.570000,19.960000,20.740000
11/24/1998,21.390000,33.480000,21.140000,22.430000
11/25/1998,22.460000,23.230000,21.380000,21.700000
11/27/1998,22.590000,22.590000,21.490000,21.580000
11/30/1998,22.450000,25.130000,21.990000,25.000000
12/01/1998,26.640000,27.310000,23.720000,23.960000
12/02/1998,25.120000,27.310000,24.700000,25.220000
12/03/1998,27.060000,29.740000,25.200000,29.740000
12/04/1998,26.850000,27.690000,24.560000,24.950000
12/07/1998,24.620000,25.930000,23.600000,23.830000
12/08/1998,24.490000,26.020000,22.930000,24.820000
12/09/1998,25.800000,26.600000,25.090000,25.430000
12/10/1998,25.370000,27.800000,25.180000,27.760000
12/11/1998,29.400000,30.650000,28.370000,28.460000
12/14/1998,30.180000,32.850000,29.520000,32.470000
12/15/1998,31.830000,31.830000,29.090000,29.700000
12/16/1998,29.090000,31.840000,29.090000,30.530000
12/17/1998,30.130000,30.760000,27.910000,28.070000
12/18/1998,27.890000,28.020000,24.530000,24.660000
12/21/1998,24.260000,24.320000,21.440000,23.220000
12/22/1998,23.460000,24.460000,22.000000,22.350000
12/23/1998,21.740000,22.220000,19.340000,19.340000
12/24/1998,20.510000,22.040000,20.190000,22.040000
12/28/1998,22.640000,23.370000,22.380000,22.810000
12/29/1998,23.250000,24.190000,21.830000,21.930000
12/30/1998,22.630000,24.060000,22.420000,23.790000
12/31/1998,24.760000,26.130000,24.330000,25.410000
01/04/1999,24.670000,27.610000,23.850000,25.700000
01/05/1999,25.350000,25.570000,23.460000,23.530000
01/06/1999,23.680000,24.080000,22.260000,23.600000
01/07/1999,24.840000,25.470000,24.000000,24.150000
01/08/1999,24.620000,25.390000,23.270000,23.880000
01/11/1999,24.470000,28.190000,24.340000,26.380000
01/12/1999,27.040000,29.820000,26.990000,29.680000
01/13/1999,31.820000,35.480000,29.550000,31.260000
01/14/1999,31.910000,36.790000,31.330000,34.740000
01/15/1999,35.230000,35.260000,29.740000,29.750000
01/19/1999,30.070000,31.720000,29.400000,29.800000
01/20/1999,28.670000,29.800000,27.250000,29.430000
01/21/1999,29.920000,33.260000,29.730000,31.950000
01/22/1999,34.080000,34.080000,31.670000,32.850000
01/25/1999,31.870000,33.710000,31.540000,31.670000
01/26/1999,31.390000,31.560000,28.760000,28.850000
01/27/1999,29.040000,31.360000,29.040000,31.360000
01/28/1999,30.510000,30.510000,28.400000,28.610000
01/29/1999,29.050000,30.430000,26.530000,26.530000
02/01/1999,26.490000,28.460000,26.330000,27.660000
02/02/1999,28.560000,31.260000,28.560000,29.020000
02/03/1999,29.940000,29.990000,27.320000,27.950000
02/04/1999,29.000000,32.020000,28.840000,31.150000
02/05/1999,31.670000,33.130000,30.470000,30.470000
02/08/1999,30.770000,32.490000,29.610000,30.430000
02/09/1999,31.180000,32.660000,30.050000,32.510000
02/10/1999,33.270000,34.090000,31.080000,31.440000
02/11/1999,31.550000,31.830000,27.960000,28.170000
02/12/1999,29.130000,33.530000,28.470000,31.350000
02/16/1999,32.750000,33.420000,30.760000,32.420000
02/17/1999,32.560000,33.010000,30.260000,32.510000
02/18/1999,32.730000,34.180000,32.040000,32.760000
02/19/1999,32.130000,32.880000,29.930000,30.230000
02/22/1999,30.230000,30.640000,26.450000,26.800000
02/23/1999,26.910000,28.300000,26.400000,26.930000
02/24/1999,27.280000,29.290000,25.780000,28.810000
02/25/1999,29.590000,31.910000,28.700000,28.700000
02/26/1999,30.400000,32.140000,28.900000,29.520000
03/01/1999,29.590000,31.160000,28.290000,28.840000
03/02/1999,29.370000,31.320000,28.290000,30.580000
03/03/1999,29.430000,31.970000,29.430000,29.980000
03/04/1999,29.690000,30.110000,27.540000,28.180000
03/05/1999,26.680000,26.790000,24.940000,25.120000
03/08/1999,25.490000,25.810000,24.590000,24.980000
03/09/1999,25.730000,26.080000,24.270000,25.260000
03/10/1999,26.060000,26.810000,25.240000,25.400000
03/11/1999,25.810000,26.820000,24.680000,25.520000
03/12/1999,26.230000,27.540000,25.530000,25.810000
03/15/1999,26.890000,27.210000,25.800000,26.120000
03/16/1999,26.550000,27.410000,26.020000,26.190000
03/17/1999,26.650000,27.630000,25.870000,27.280000
03/18/1999,27.440000,27.500000,25.910000,25.950000
03/19/1999,25.830000,26.320000,24.690000,25.840000
03/22/1999,26.720000,27.420000,25.860000,26.650000
03/23/1999,27.150000,30.210000,27.020000,29.110000
03/24/1999,29.870000,30.390000,27.770000,28.310000
03/25/1999,26.910000,27.170000,25.440000,25.440000
03/26/1999,26.420000,27.200000,25.270000,25.830000
03/29/1999,24.860000,25.020000,23.620000,24.360000
03/30/1999,25.930000,26.240000,23.380000,23.740000
03/31/1999,22.910000,24.770000,22.840000,24.450000
04/01/1999,24.550000,24.950000,23.340000,23.340000
04/05/1999,23.730000,24.150000,22.540000,22.810000
04/06/1999,22.980000,23.860000,22.320000,22.950000
04/07/1999,23.410000,24.820000,23.020000,23.530000
04/08/1999,24.370000,24.720000,23.200000,23.330000
04/09/1999,24.160000,25.070000,22.440000,22.910000
04/12/1999,24.540000,25.330000,23.270000,23.660000
04/13/1999,23.410000,25.480000,23.360000,24.420000
04/14/1999,24.940000,28.370000,24.220000,27.430000
04/15/1999,27.160000,29.400000,24.280000,24.770000
04/16/1999,25.980000,27.110000,24.600000,25.480000
04/19/1999,24.840000,28.620000,23.320000,28.560000
04/20/1999,27.320000,28.330000,26.510000,26.930000
04/21/1999,27.110000,27.210000,24.450000,24.550000
04/22/1999,24.540000,24.740000,23.740000,23.980000
04/23/1999,24.320000,25.000000,23.290000,23.960000
04/26/1999,24.530000,25.080000,23.680000,23.910000
04/27/1999,23.650000,24.820000,23.450000,24.190000
04/28/1999,25.140000,25.970000,24.170000,25.840000
04/29/1999,26.130000,27.320000,24.970000,25.950000
04/30/1999,25.590000,28.740000,24.830000,26.070000
05/03/1999,27.160000,27.170000,24.600000,24.750000
05/04/1999,25.570000,27.440000,25.240000,27.190000
05/05/1999,27.090000,29.000000,25.920000,25.980000
05/06/1999,26.840000,31.060000,26.430000,29.270000
05/07/1999,27.380000,28.620000,26.650000,26.720000
05/10/1999,28.030000,28.550000,26.830000,27.420000
05/11/1999,27.130000,27.660000,26.100000,26.370000
05/12/1999,27.740000,29.640000,27.030000,27.820000
05/13/1999,27.150000,27.230000,25.960000,26.460000
05/14/1999,28.570000,30.260000,28.110000,29.660000
05/17/1999,29.350000,30.760000,27.070000,28.240000
05/18/1999,29.440000,31.890000,27.800000,28.210000
05/19/1999,27.280000,28.180000,26.190000,26.240000
05/20/1999,26.340000,26.890000,23.450000,26.260000
05/21/1999,25.530000,26.500000,25.140000,25.360000
05/24/1999,25.510000,29.150000,25.510000,28.650000
05/25/1999,28.170000,29.880000,27.210000,29.580000
05/26/1999,29.360000,31.750000,27.900000,28.280000
05/27/1999,28.960000,30.560000,28.160000,28.690000
05/28/1999,28.720000,28.980000,26.280000,26.380000
06/01/1999,27.740000,29.320000,27.210000,27.920000
06/02/1999,27.690000,29.270000,26.170000,26.230000
06/03/1999,26.910000,28.280000,26.440000,27.520000
06/04/1999,25.510000,26.690000,23.410000,23.450000
06/07/1999,23.920000,24.450000,23.200000,23.470000
06/08/1999,23.960000,24.730000,23.240000,24.160000
06/09/1999,24.280000,24.860000,23.690000,24.200000
06/10/1999,25.490000,27.350000,25.390000,25.390000
06/11/1999,26.360000,28.160000,25.350000,27.010000
06/14/1999,27.260000,28.070000,26.340000,27.390000
06/15/1999,27.380000,28.280000,25.800000,28.230000
06/16/1999,25.490000,25.580000,23.070000,23.210000
06/17/1999,23.700000,24.460000,22.270000,22.540000
06/18/1999,23.180000,23.870000,21.590000,22.340000
06/21/1999,22.530000,23.200000,21.210000,21.290000
06/22/1999,22.190000,22.580000,20.630000,21.960000
06/23/1999,23.050000,23.710000,21.490000,21.570000
06/24/1999,22.250000,25.390000,21.960000,23.670000
06/25/1999,22.490000,23.630000,21.330000,22.610000
06/28/1999,22.160000,23.030000,22.040000,22.560000
06/29/1999,23.500000,24.060000,22.710000,22.990000
06/30/1999,23.220000,24.280000,20.440000,21.010000
07/01/1999,21.130000,22.150000,19.680000,19.800000
07/02/1999,20.020000,20.100000,18.850000,18.850000
07/06/1999,20.540000,20.690000,19.190000,20.270000
07/07/1999,21.330000,21.750000,20.120000,20.210000
07/08/1999,21.420000,21.810000,19.680000,19.870000
07/09/1999,20.130000,20.410000,19.030000,19.090000
07/12/1999,20.120000,20.530000,19.460000,19.840000
07/13/1999,20.440000,21.140000,20.040000,20.230000
07/14/1999,20.580000,21.270000,20.000000,20.380000
07/15/1999,19.930000,20.800000,19.090000,19.690000
07/16/1999,19.190000,19.660000,17.700000,18.130000
07/19/1999,18.490000,20.100000,18.190000,19.470000
07/20/1999,20.750000,22.810000,20.410000,22.410000
07/21/1999,22.710000,23.130000,21.400000,21.610000
07/22/1999,22.840000,25.520000,22.450000,23.660000
07/23/1999,23.450000,25.060000,23.450000,23.760000
07/26/1999,25.650000,26.090000,24.580000,25.910000
07/27/1999,25.010000,25.350000,23.110000,23.930000
07/28/1999,24.720000,24.980000,22.840000,23.200000
07/29/1999,24.760000,26.980000,24.620000,25.080000
07/30/1999,24.980000,26.700000,24.510000,25.830000
08/02/1999,26.550000,26.710000,24.620000,26.120000
08/03/1999,26.200000,27.620000,25.720000,26.680000
08/04/1999,26.670000,28.420000,25.580000,28.420000
08/05/1999,29.970000,32.120000,27.640000,27.880000
08/06/1999,27.730000,28.930000,26.660000,27.360000
08/09/1999,27.990000,28.410000,27.250000,27.990000
08/10/1999,28.510000,31.090000,28.210000,28.300000
08/11/1999,28.020000,28.510000,25.940000,26.030000
08/12/1999,25.820000,26.080000,24.290000,26.070000
08/13/1999,24.730000,24.780000,22.380000,22.380000
08/16/1999,23.120000,23.840000,22.610000,22.950000
08/17/1999,22.770000,24.070000,22.530000,22.530000
08/18/1999,22.850000,24.310000,22.760000,24.040000
08/19/1999,26.340000,27.000000,25.080000,25.460000
08/20/1999,24.930000,25.450000,23.700000,24.060000
08/23/1999,23.190000,23.650000,22.570000,23.020000
08/24/1999,23.730000,24.120000,21.760000,22.290000
08/25/1999,22.390000,23.360000,20.310000,20.670000
08/26/1999,21.290000,22.660000,20.910000,22.330000
08/27/1999,22.380000,23.630000,21.910000,23.210000
08/30/1999,23.460000,25.070000,23.430000,24.970000
08/31/1999,25.180000,27.570000,24.160000,25.240000
09/01/1999,24.940000,25.660000,23.670000,23.740000
09/02/1999,26.490000,28.110000,25.020000,25.440000
09/03/1999,22.700000,22.700000,21.300000,21.390000
09/07/1999,22.970000,23.590000,21.820000,23.330000
09/08/1999,24.840000,25.390000,23.270000,24.180000
09/09/1999,24.290000,24.980000,23.310000,23.400000
09/10/1999,22.930000,24.270000,22.020000,22.350000
09/13/1999,23.220000,24.150000,22.950000,23.840000
09/14/1999,24.500000,25.690000,24.270000,25.050000
09/15/1999,23.980000,26.490000,23.580000,26.380000
09/16/1999,27.020000,29.950000,25.960000,26.990000
09/17/1999,25.590000,26.250000,23.970000,24.220000
09/20/1999,25.070000,25.220000,24.270000,24.330000
09/21/1999,25.620000,27.700000,25.390000,26.940000
09/22/1999,27.510000,28.600000,26.000000,26.750000
09/23/1999,26.640000,30.620000,26.090000,30.280000
09/24/1999,31.410000,32.330000,28.970000,29.540000
09/27/1999,27.980000,28.350000,26.490000,27.270000
09/28/1999,28.090000,30.800000,26.020000,26.970000
09/29/1999,27.210000,30.060000,26.080000,27.900000
09/30/1999,28.010000,28.820000,25.990000,26.890000
10/01/1999,27.400000,28.710000,26.360000,26.430000
10/04/1999,26.710000,26.850000,25.560000,25.700000
10/05/1999,26.180000,28.480000,25.430000,26.070000
10/06/1999,25.710000,26.120000,23.170000,23.530000
10/07/1999,23.960000,25.500000,23.340000,24.880000
10/08/1999,25.140000,25.700000,21.050000,21.200000
10/11/1999,21.620000,23.640000,19.740000,22.050000
10/12/1999,22.940000,25.450000,22.170000,24.600000
10/13/1999,25.060000,29.060000,24.690000,28.880000
10/14/1999,28.560000,30.430000,26.530000,27.340000
10/15/1999,29.900000,35.480000,29.860000,31.480000
10/18/1999,31.880000,32.530000,29.440000,29.440000
10/19/1999,28.700000,28.760000,25.850000,28.460000
10/20/1999,26.780000,27.370000,24.730000,25.210000
10/21/1999,28.210000,28.210000,24.710000,24.770000
10/22/1999,23.610000,23.690000,21.850000,22.890000
10/25/1999,24.770000,25.830000,23.590000,24.420000
10/26/1999,24.040000,25.550000,23.400000,25.060000
10/27/1999,26.280000,27.370000,24.850000,25.350000
10/28/1999,23.460000,23.530000,21.850000,22.450000
10/29/1999,22.100000,23.720000,20.770000,22.560000
11/01/1999,23.130000,23.130000,21.600000,22.230000
11/02/1999,22.810000,24.030000,21.340000,23.940000
11/03/1999,23.450000,24.100000,22.780000,23.700000
11/04/1999,22.860000,24.790000,22.850000,24.000000
11/05/1999,22.360000,22.850000,21.730000,22.060000
11/08/1999,22.780000,24.090000,21.190000,21.520000
11/09/1999,21.340000,23.540000,21.340000,23.070000
11/10/1999,23.610000,23.960000,22.250000,23.500000
11/11/1999,22.320000,23.760000,22.260000,22.540000
11/12/1999,22.730000,25.150000,21.620000,21.680000
11/15/1999,21.600000,23.210000,21.440000,22.850000
11/16/1999,22.950000,23.540000,21.140000,21.420000
11/17/1999,21.370000,21.780000,20.340000,21.070000
11/18/1999,21.990000,21.990000,19.990000,20.100000
11/19/1999,20.280000,20.720000,19.460000,19.630000
11/22/1999,20.350000,20.970000,19.830000,20.280000
11/23/1999,21.090000,22.180000,20.510000,21.170000
11/24/1999,21.490000,22.390000,20.120000,20.470000
11/26/1999,21.300000,23.260000,20.910000,22.950000
11/29/1999,24.150000,24.310000,22.820000,23.690000
11/30/1999,24.390000,25.290000,23.360000,24.950000
12/01/1999,24.500000,24.610000,22.900000,22.920000
12/02/1999,22.780000,23.940000,22.720000,23.280000
12/03/1999,20.840000,21.290000,19.580000,20.820000
12/06/1999,21.530000,21.850000,20.310000,21.060000
12/07/1999,21.160000,22.330000,21.140000,21.380000
12/08/1999,22.350000,22.790000,21.510000,22.620000
12/09/1999,22.190000,23.950000,21.840000,22.380000
12/10/1999,22.360000,22.740000,20.660000,20.920000
12/13/1999,22.890000,23.850000,22.160000,23.600000
12/14/1999,24.150000,26.440000,22.710000,24.470000
12/15/1999,24.680000,26.250000,23.010000,23.360000
12/16/1999,23.510000,25.580000,22.670000,23.170000
12/17/1999,23.780000,23.870000,22.370000,23.010000
12/20/1999,23.350000,25.180000,22.820000,24.660000
12/21/1999,25.800000,25.810000,23.010000,23.440000
12/22/1999,22.550000,24.310000,22.530000,23.120000
12/23/1999,23.010000,23.420000,22.090000,22.370000
12/27/1999,23.280000,25.050000,23.280000,23.600000
12/28/1999,24.240000,24.670000,23.510000,23.690000
12/29/1999,24.430000,24.920000,23.890000,24.370000
12/30/1999,24.570000,25.960000,24.390000,25.940000
12/31/1999,26.420000,26.990000,26.260000,26.710000
01/03/2000,24.880000,28.050000,24.580000,24.690000
01/04/2000,26.600000,30.050000,26.030000,29.640000
01/05/2000,29.810000,31.020000,27.000000,28.150000
01/06/2000,29.000000,29.630000,26.540000,28.130000
01/07/2000,27.710000,28.020000,23.200000,23.200000
01/10/2000,23.070000,23.910000,21.940000,22.510000
01/11/2000,22.570000,24.360000,22.190000,23.930000
01/12/2000,24.780000,25.510000,23.330000,24.630000
01/13/2000,24.120000,25.080000,22.590000,23.350000
01/14/2000,22.120000,22.130000,20.410000,21.050000
01/18/2000,22.780000,23.860000,22.400000,23.310000
01/19/2000,23.770000,24.360000,22.970000,23.270000
01/20/2000,23.260000,24.890000,22.690000,24.160000
01/21/2000,23.370000,24.230000,22.420000,22.660000
01/24/2000,22.500000,27.540000,22.500000,26.320000
01/25/2000,26.260000,26.370000,23.620000,24.340000
01/26/2000,24.850000,25.580000,23.970000,25.080000
01/27/2000,24.380000,31.370000,23.500000,25.060000
01/28/2000,25.960000,30.040000,25.330000,29.090000
01/31/2000,29.280000,30.060000,25.320000,26.200000
02/01/2000,26.620000,26.900000,23.970000,24.820000
02/02/2000,24.570000,26.280000,23.390000,24.380000
02/03/2000,24.750000,26.380000,23.390000,23.720000
02/04/2000,22.180000,23.590000,20.800000,22.930000
02/07/2000,23.810000,25.440000,23.360000,23.700000
02/08/2000,22.490000,22.960000,21.990000,22.100000
02/09/2000,23.620000,24.770000,22.600000,24.650000
02/10/2000,25.010000,25.800000,23.870000,24.380000
02/11/2000,25.580000,28.930000,25.170000,26.920000
02/14/2000,25.630000,27.310000,25.460000,25.790000
02/15/2000,26.120000,27.780000,24.030000,24.610000
02/16/2000,25.630000,25.760000,24.210000,25.100000
02/17/2000,24.490000,26.000000,24.450000,25.070000
02/18/2000,25.170000,29.350000,25.170000,28.450000
02/22/2000,28.110000,30.690000,27.210000,27.550000
02/23/2000,27.670000,28.360000,25.450000,26.260000
02/24/2000,26.560000,29.300000,26.330000,27.320000
02/25/2000,27.710000,29.510000,27.100000,28.880000
02/28/2000,28.630000,29.960000,25.920000,26.900000
02/29/2000,26.520000,26.990000,25.140000,25.590000
03/01/2000,24.810000,24.910000,23.220000,23.680000
03/02/2000,24.200000,25.040000,23.200000,23.900000
03/03/2000,22.570000,22.820000,20.900000,21.290000
03/06/2000,21.580000,24.020000,21.370000,23.150000
03/07/2000,22.910000,27.460000,22.800000,26.630000
03/08/2000,27.080000,29.060000,25.400000,25.950000
03/09/2000,26.510000,27.550000,23.770000,23.940000
03/10/2000,24.370000,25.020000,23.450000,23.800000
03/13/2000,27.110000,27.430000,23.850000,25.360000
03/14/2000,24.420000,27.200000,24.310000,26.430000
03/15/2000,27.770000,29.140000,24.080000,25.060000
03/16/2000,24.200000,24.650000,22.180000,23.200000
03/17/2000,23.570000,25.460000,21.800000,23.670000
03/20/2000,23.340000,25.170000,22.650000,24.170000
03/21/2000,25.020000,26.000000,23.040000,23.340000
03/22/2000,23.320000,23.910000,22.730000,22.990000
03/23/2000,24.470000,24.910000,23.160000,24.220000
03/24/2000,23.790000,27.270000,23.390000,25.810000
03/27/2000,26.740000,27.390000,26.160000,26.750000
03/28/2000,27.150000,27.680000,25.750000,26.580000
03/29/2000,26.920000,27.450000,25.350000,25.960000
03/30/2000,26.140000,28.720000,25.690000,27.550000
03/31/2000,26.890000,28.260000,26.390000,27.210000
04/03/2000,27.360000,28.420000,24.940000,25.660000
04/04/2000,26.170000,35.440000,25.090000,27.900000
04/05/2000,29.110000,32.800000,29.110000,30.590000
04/06/2000,30.510000,31.080000,29.380000,29.770000
04/07/2000,27.600000,28.000000,26.040000,26.940000
04/10/2000,27.820000,28.570000,26.480000,28.010000
04/11/2000,29.630000,30.540000,28.330000,28.950000
04/12/2000,29.410000,32.440000,29.020000,31.880000
04/13/2000,32.920000,33.950000,31.390000,33.950000
04/14/2000,39.400000,41.530000,34.230000,39.330000
04/17/2000,36.880000,39.420000,32.190000,32.190000
04/18/2000,31.240000,31.540000,29.200000,29.370000
04/19/2000,28.730000,30.390000,28.520000,30.240000
04/20/2000,28.870000,29.800000,27.170000,28.310000
04/24/2000,30.170000,32.310000,29.590000,30.180000
04/25/2000,28.730000,29.110000,26.940000,27.060000
04/26/2000,26.980000,30.260000,26.830000,29.460000
04/27/2000,31.080000,31.810000,28.010000,28.180000
04/28/2000,28.020000,29.810000,27.720000,28.860000
05/01/2000,27.750000,28.110000,26.670000,27.320000
05/02/2000,28.970000,31.270000,28.330000,30.870000
05/03/2000,32.390000,35.830000,32.030000,34.510000
05/04/2000,34.850000,36.380000,34.170000,35.430000
05/05/2000,32.370000,32.530000,30.240000,30.390000
05/08/2000,31.640000,32.160000,30.930000,31.120000
05/09/2000,30.280000,32.680000,30.100000,31.710000
05/10/2000,33.890000,34.830000,31.370000,33.300000
05/11/2000,32.410000,32.860000,30.920000,31.250000
05/12/2000,30.460000,31.020000,29.220000,29.950000
05/15/2000,29.680000,30.140000,27.140000,27.450000
05/16/2000,26.830000,28.210000,25.980000,26.710000
05/17/2000,26.690000,28.100000,26.690000,27.200000
05/18/2000,27.610000,27.680000,26.540000,26.870000
05/19/2000,27.570000,29.600000,27.170000,28.770000
05/22/2000,28.930000,32.120000,28.240000,28.830000
05/23/2000,28.520000,29.520000,27.860000,29.300000
05/24/2000,29.700000,31.200000,27.510000,27.870000
05/25/2000,26.570000,29.120000,26.570000,28.000000
05/26/2000,28.220000,29.590000,27.490000,27.490000
05/30/2000,27.590000,28.070000,26.380000,26.530000
05/31/2000,26.910000,27.170000,25.920000,26.570000
06/01/2000,26.270000,26.350000,24.740000,24.740000
06/02/2000,24.430000,24.720000,23.710000,24.110000
06/05/2000,24.790000,25.670000,24.630000,24.900000
06/06/2000,25.390000,25.850000,24.890000,25.140000
06/07/2000,26.120000,26.420000,24.840000,25.190000
06/08/2000,25.840000,26.870000,25.400000,25.710000
06/09/2000,25.830000,26.130000,24.710000,25.190000
06/12/2000,25.880000,25.940000,24.820000,25.370000
06/13/2000,25.960000,26.360000,24.100000,24.370000
06/14/2000,24.900000,25.260000,23.690000,24.510000
06/15/2000,24.720000,24.940000,22.940000,23.180000
06/16/2000,23.560000,24.510000,23.220000,23.550000
06/19/2000,23.270000,24.000000,22.320000,22.800000
06/20/2000,23.600000,24.450000,23.070000,23.650000
06/21/2000,24.220000,24.310000,23.250000,23.570000
06/22/2000,24.430000,25.800000,24.290000,25.660000
06/23/2000,24.860000,26.260000,24.860000,25.890000
06/26/2000,26.280000,26.620000,24.350000,24.720000
06/27/2000,24.790000,25.020000,23.950000,24.880000
06/28/2000,25.460000,25.490000,22.510000,23.580000
06/29/2000,23.830000,24.650000,22.020000,22.020000
06/30/2000,22.830000,23.000000,22.180000,22.260000
07/03/2000,22.830000,23.140000,22.110000,22.330000
07/05/2000,23.610000,24.130000,23.280000,23.630000
07/06/2000,24.470000,24.960000,23.870000,24.200000
07/07/2000,23.810000,23.810000,21.760000,21.820000
07/10/2000,22.720000,23.000000,22.270000,22.880000
07/11/2000,22.190000,22.890000,21.620000,22.390000
07/12/2000,23.010000,23.320000,22.560000,23.080000
07/13/2000,23.010000,23.290000,22.270000,22.750000
07/14/2000,23.310000,23.580000,22.570000,22.610000
07/17/2000,23.240000,23.340000,21.660000,22.060000
07/18/2000,23.180000,23.290000,22.290000,22.550000
07/19/2000,22.960000,23.370000,21.890000,22.520000
07/20/2000,22.750000,22.800000,21.410000,22.060000
07/21/2000,22.160000,22.430000,21.390000,21.390000
07/24/2000,22.150000,22.730000,21.440000,22.440000
07/25/2000,22.220000,22.360000,21.490000,21.670000
07/26/2000,22.130000,23.230000,22.130000,22.750000
07/27/2000,22.170000,22.990000,21.820000,22.330000
07/28/2000,22.370000,24.680000,22.310000,24.300000
07/31/2000,23.930000,24.320000,23.090000,23.440000
08/01/2000,23.740000,23.900000,22.630000,22.870000
08/02/2000,22.550000,22.840000,22.150000,22.760000
08/03/2000,23.650000,23.810000,22.460000,22.790000
08/04/2000,22.290000,22.500000,21.330000,21.540000
08/07/2000,21.830000,22.080000,21.230000,21.550000
08/08/2000,21.040000,21.430000,20.670000,20.830000
08/09/2000,21.470000,21.910000,20.990000,21.330000
08/10/2000,21.870000,22.010000,21.280000,21.570000
08/11/2000,22.440000,22.540000,20.940000,21.190000
08/14/2000,21.480000,21.590000,20.170000,20.350000
08/15/2000,20.880000,21.330000,20.630000,20.970000
08/16/2000,20.700000,20.860000,20.220000,20.670000
08/17/2000,21.100000,21.270000,19.810000,20.040000
08/18/2000,20.270000,20.400000,19.420000,19.420000
08/21/2000,19.810000,20.150000,19.410000,19.560000
08/22/2000,19.900000,20.070000,19.190000,19.620000
08/23/2000,19.850000,20.580000,19.630000,19.860000
08/24/2000,19.970000,20.100000,18.950000,19.100000
08/25/2000,19.650000,19.870000,18.890000,19.100000
08/28/2000,19.220000,19.340000,18.060000,18.230000
08/29/2000,19.110000,19.430000,18.590000,18.920000
08/30/2000,19.300000,20.170000,19.210000,19.590000
08/31/2000,20.020000,20.140000,18.850000,19.280000
09/01/2000,19.040000,19.900000,18.630000,19.450000
09/05/2000,20.850000,21.850000,20.780000,21.370000
09/06/2000,22.200000,22.960000,21.790000,22.650000
09/07/2000,21.480000,23.030000,20.880000,21.070000
09/08/2000,21.680000,22.090000,20.490000,20.690000
09/11/2000,21.480000,21.920000,20.400000,20.960000
09/12/2000,21.380000,21.430000,19.850000,21.180000
09/13/2000,21.950000,22.250000,21.270000,21.480000
09/14/2000,20.840000,21.150000,20.290000,20.690000
09/15/2000,21.410000,21.990000,20.740000,21.930000
09/18/2000,21.930000,23.210000,20.830000,23.010000
09/19/2000,23.190000,23.470000,21.890000,22.110000
09/20/2000,22.330000,24.340000,21.980000,22.770000
09/21/2000,23.320000,24.610000,22.960000,23.560000
09/22/2000,26.690000,27.040000,23.850000,24.170000
09/25/2000,23.510000,24.880000,23.030000,24.400000
09/26/2000,24.230000,25.400000,23.260000,25.080000
09/27/2000,24.850000,25.650000,24.060000,24.360000
09/28/2000,24.450000,24.890000,21.550000,21.950000
09/29/2000,23.230000,23.940000,22.560000,23.850000
10/02/2000,22.810000,24.120000,22.340000,23.430000
10/03/2000,23.320000,24.460000,22.350000,24.390000
10/04/2000,24.530000,25.800000,23.150000,23.750000
10/05/2000,24.180000,24.450000,22.990000,23.630000
10/06/2000,22.860000,26.670000,22.690000,25.670000
10/09/2000,25.840000,27.400000,25.770000,26.330000
10/10/2000,26.770000,27.890000,25.890000,27.440000
10/11/2000,29.680000,32.640000,29.060000,30.950000
10/12/2000,29.750000,35.200000,29.370000,35.010000
10/13/2000,36.140000,36.740000,30.540000,30.980000
10/16/2000,31.370000,31.460000,29.270000,29.500000
10/17/2000,29.620000,33.510000,28.530000,32.710000
10/18/2000,35.950000,36.740000,31.420000,32.500000
10/19/2000,30.330000,30.680000,27.790000,28.170000
10/20/2000,27.270000,27.760000,25.190000,27.420000
10/23/2000,27.780000,28.070000,26.590000,26.980000
10/24/2000,26.110000,27.110000,25.120000,26.220000
10/25/2000,27.980000,30.150000,27.480000,29.890000
10/26/2000,29.440000,34.000000,29.130000,31.050000
10/27/2000,31.020000,31.760000,29.730000,30.910000
10/30/2000,30.190000,30.190000,27.250000,27.790000
10/31/2000,27.390000,27.880000,25.620000,25.990000
11/01/2000,26.650000,27.090000,25.890000,26.560000
11/02/2000,27.270000,27.660000,26.340000,26.610000
11/03/2000,26.610000,26.880000,25.950000,26.310000
11/06/2000,26.900000,31.040000,26.350000,27.030000
11/07/2000,27.100000,27.150000,26.170000,26.810000
11/08/2000,27.410000,28.440000,27.300000,28.280000
11/09/2000,29.470000,31.680000,28.620000,29.640000
11/10/2000,32.190000,33.450000,32.020000,32.500000
11/13/2000,33.230000,34.300000,30.830000,31.890000
11/14/2000,29.700000,31.090000,29.090000,30.240000
11/15/2000,30.190000,30.760000,28.090000,28.770000
11/16/2000,28.610000,29.090000,27.780000,28.380000
11/17/2000,28.430000,29.000000,26.930000,27.850000
11/20/2000,30.310000,30.990000,29.260000,30.330000
11/21/2000,30.080000,30.980000,28.930000,28.930000
11/22/2000,29.940000,31.680000,29.390000,31.210000
11/24/2000,30.920000,30.950000,29.580000,29.580000
11/27/2000,28.370000,29.090000,27.970000,29.020000
11/28/2000,29.820000,30.680000,29.070000,30.390000
11/29/2000,30.850000,31.150000,29.580000,30.200000
11/30/2000,32.890000,34.880000,32.200000,32.920000
12/01/2000,32.080000,32.500000,30.120000,31.590000
12/04/2000,31.570000,32.190000,29.940000,30.310000
12/05/2000,29.300000,29.710000,26.880000,26.940000
12/06/2000,27.320000,28.340000,26.490000,27.940000
12/07/2000,28.940000,29.560000,28.110000,28.980000
12/08/2000,28.610000,28.780000,26.020000,26.130000
12/11/2000,26.660000,27.000000,25.750000,26.510000
12/12/2000,26.600000,28.400000,26.360000,28.280000
12/13/2000,26.890000,27.770000,25.900000,26.870000
12/14/2000,27.160000,28.370000,27.000000,28.270000
12/15/2000,30.330000,31.420000,29.490000,31.200000
12/18/2000,29.770000,31.830000,29.300000,31.450000
12/19/2000,31.700000,31.820000,28.920000,30.730000
12/20/2000,34.050000,36.750000,32.850000,35.700000
12/21/2000,35.400000,37.720000,33.410000,34.420000
12/22/2000,33.310000,33.430000,31.320000,31.520000
12/26/2000,31.640000,33.560000,31.280000,32.540000
12/27/2000,33.210000,33.410000,31.950000,32.310000
12/28/2000,32.070000,32.370000,30.150000,30.170000
12/29/2000,30.840000,31.600000,29.850000,30.230000
01/02/2001,31.610000,34.390000,31.470000,34.200000
01/03/2001,33.360000,34.860000,28.470000,28.670000
01/04/2001,29.790000,30.480000,27.640000,29.960000
01/05/2001,30.280000,32.310000,30.090000,32.030000
01/08/2001,33.460000,34.770000,32.890000,33.350000
01/09/2001,32.590000,32.610000,30.360000,30.790000
01/10/2001,32.040000,32.090000,30.010000,30.150000
01/11/2001,29.940000,31.980000,28.410000,28.690000
01/12/2001,29.290000,29.740000,27.570000,27.620000
01/16/2001,28.890000,29.320000,28.180000,28.180000
01/17/2001,27.500000,28.770000,26.930000,28.510000
01/18/2001,28.670000,28.780000,26.610000,27.090000
01/19/2001,26.450000,27.560000,26.120000,26.290000
01/22/2001,27.050000,27.380000,25.830000,25.940000
01/23/2001,25.950000,26.410000,23.770000,23.860000
01/24/2001,25.050000,25.540000,24.330000,24.560000
01/25/2001,24.630000,25.440000,24.590000,24.980000
01/26/2001,26.120000,26.530000,25.140000,25.140000
01/29/2001,25.680000,25.810000,24.800000,24.930000
01/30/2001,26.030000,26.220000,24.820000,25.200000
01/31/2001,25.180000,25.910000,24.040000,24.290000
02/01/2001,25.580000,25.690000,22.050000,23.990000
02/02/2001,23.800000,24.880000,23.690000,24.750000
02/05/2001,25.630000,25.650000,24.340000,24.390000
02/06/2001,24.360000,24.580000,23.440000,23.820000
02/07/2001,24.970000,25.040000,24.140000,24.520000
02/08/2001,24.230000,24.480000,23.570000,24.090000
02/09/2001,25.140000,26.260000,24.520000,25.150000
02/12/2001,26.060000,26.310000,24.300000,24.550000
02/13/2001,24.630000,25.090000,24.030000,24.620000
02/14/2001,25.080000,25.530000,24.000000,24.220000
02/15/2001,24.700000,24.700000,23.330000,23.460000
02/16/2001,24.890000,25.750000,23.940000,25.080000
02/20/2001,25.440000,27.820000,25.350000,27.500000
02/21/2001,28.000000,29.650000,27.110000,29.410000
02/22/2001,28.790000,32.960000,28.700000,29.770000
02/23/2001,30.500000,35.220000,30.040000,30.340000
02/26/2001,29.560000,30.110000,27.150000,27.340000
02/27/2001,28.270000,29.760000,27.650000,29.030000
02/28/2001,29.070000,32.430000,28.640000,31.000000
03/01/2001,33.620000,34.220000,31.030000,31.030000
03/02/2001,32.920000,33.050000,29.920000,30.860000
03/05/2001,31.080000,31.300000,29.150000,29.220000
03/06/2001,28.080000,28.090000,27.030000,27.440000
03/07/2001,27.930000,28.170000,26.320000,26.450000
03/08/2001,26.470000,27.360000,26.250000,26.460000
03/09/2001,27.980000,30.070000,27.910000,29.350000
03/12/2001,32.100000,35.370000,31.380000,35.110000
03/13/2001,34.870000,35.370000,30.680000,30.730000
03/14/2001,36.570000,36.570000,32.940000,34.600000
03/15/2001,32.490000,33.260000,31.950000,32.630000
03/16/2001,33.850000,35.650000,33.390000,35.290000
03/19/2001,35.420000,35.770000,32.930000,33.350000
03/20/2001,34.310000,36.180000,32.620000,35.040000
03/21/2001,35.230000,36.910000,34.410000,36.390000
03/22/2001,38.050000,41.990000,37.590000,39.700000
03/23/2001,37.040000,37.720000,34.580000,34.910000
03/26/2001,34.310000,34.850000,33.030000,33.190000
03/27/2001,33.160000,33.360000,30.090000,30.690000
03/28/2001,32.990000,33.950000,32.300000,33.220000
03/29/2001,34.100000,34.510000,32.160000,33.830000
03/30/2001,34.330000,34.530000,32.730000,33.820000
04/02/2001,33.710000,35.850000,32.410000,34.750000
04/03/2001,36.960000,40.700000,36.960000,39.330000
04/04/2001,38.430000,40.250000,37.540000,39.070000
04/05/2001,37.700000,38.180000,34.390000,34.980000
04/06/2001,36.380000,37.280000,34.780000,36.760000
04/09/2001,36.910000,37.570000,35.830000,36.740000
04/10/2001,35.050000,35.350000,32.440000,33.300000
04/11/2001,33.070000,34.000000,32.630000,32.730000
04/12/2001,32.510000,33.350000,29.920000,30.280000
04/16/2001,31.910000,32.070000,29.980000,30.040000
04/17/2001,31.350000,31.680000,30.130000,30.240000
04/18/2001,28.930000,31.400000,26.230000,28.450000
04/19/2001,28.390000,29.070000,27.930000,28.460000
04/20/2001,28.580000,29.510000,28.060000,29.010000
04/23/2001,30.650000,32.620000,30.170000,31.500000
04/24/2001,31.300000,32.460000,30.470000,32.460000
04/25/2001,33.180000,33.440000,31.020000,31.270000
04/26/2001,30.410000,30.640000,29.380000,29.570000
04/27/2001,29.610000,29.740000,27.670000,27.770000
04/30/2001,27.070000,28.610000,26.780000,28.190000
05/01/2001,29.060000,29.550000,27.590000,27.590000
05/02/2001,27.580000,28.420000,27.320000,27.770000
05/03/2001,29.560000,30.250000,29.260000,29.500000
05/04/2001,30.520000,30.720000,27.560000,27.720000
05/07/2001,28.460000,28.870000,27.670000,28.110000
05/08/2001,28.160000,28.540000,27.010000,27.540000
05/09/2001,28.260000,28.900000,27.490000,27.820000
05/10/2001,27.040000,27.570000,26.710000,27.240000
05/11/2001,27.640000,28.830000,27.050000,27.480000
05/14/2001,27.740000,28.040000,27.130000,27.170000
05/15/2001,27.540000,28.620000,26.000000,27.340000
05/16/2001,27.210000,27.590000,24.520000,25.130000
05/17/2001,25.760000,26.680000,24.920000,25.520000
05/18/2001,25.060000,25.230000,24.260000,24.260000
05/21/2001,24.210000,24.820000,23.130000,23.240000
05/22/2001,23.430000,23.860000,23.040000,23.490000
05/23/2001,24.530000,25.110000,24.000000,24.650000
05/24/2001,24.450000,24.650000,22.840000,22.940000
05/25/2001,23.540000,24.210000,23.010000,23.150000
05/29/2001,24.540000,25.060000,24.150000,24.680000
05/30/2001,25.260000,26.190000,24.740000,25.790000
05/31/2001,26.310000,26.740000,25.090000,25.960000
06/01/2001,25.530000,25.890000,23.650000,23.960000
06/04/2001,23.810000,24.350000,22.820000,22.830000
06/05/2001,22.960000,23.000000,21.110000,21.220000
06/06/2001,22.020000,23.420000,22.020000,22.380000
06/07/2001,22.170000,22.770000,21.570000,21.610000
06/08/2001,22.800000,23.090000,21.400000,21.410000
06/11/2001,23.070000,23.780000,22.560000,22.740000
06/12/2001,24.190000,24.650000,22.770000,22.980000
06/13/2001,23.650000,24.600000,23.290000,24.390000
06/14/2001,25.110000,26.430000,24.810000,26.200000
06/15/2001,27.330000,28.690000,26.010000,26.330000
06/18/2001,26.260000,27.310000,25.270000,25.830000
06/19/2001,25.340000,25.710000,24.630000,24.920000
06/20/2001,24.900000,25.280000,23.700000,23.860000
06/21/2001,23.920000,24.400000,21.650000,21.910000
06/22/2001,22.260000,22.870000,21.660000,22.500000
06/25/2001,22.490000,23.820000,22.260000,23.250000
06/26/2001,24.300000,24.520000,23.330000,23.350000
06/27/2001,24.490000,25.100000,23.390000,23.570000
06/28/2001,23.330000,23.340000,21.550000,22.440000
06/29/2001,22.590000,22.900000,20.890000,21.630000
07/02/2001,21.290000,21.580000,20.260000,20.290000
07/03/2001,21.120000,21.410000,20.840000,20.950000
07/05/2001,22.620000,23.220000,22.120000,22.720000
07/06/2001,23.410000,26.260000,23.160000,24.970000
07/09/2001,25.190000,25.840000,24.420000,24.550000
07/10/2001,24.510000,26.700000,24.280000,26.530000
07/11/2001,27.340000,28.210000,26.670000,26.980000
07/12/2001,25.690000,26.250000,24.420000,24.520000
07/13/2001,25.420000,25.610000,23.510000,23.870000
07/16/2001,24.100000,25.660000,23.700000,25.310000
07/17/2001,26.230000,26.870000,25.120000,25.360000
07/18/2001,26.290000,26.940000,25.890000,26.310000
07/19/2001,26.140000,26.500000,25.060000,26.470000
07/20/2001,26.020000,26.270000,24.880000,24.970000
07/23/2001,24.920000,27.580000,23.300000,26.130000
07/24/2001,26.930000,28.830000,26.230000,27.630000
07/25/2001,28.280000,28.490000,26.460000,26.700000
07/26/2001,27.090000,27.400000,25.150000,25.150000
07/27/2001,25.500000,26.230000,24.650000,24.730000
07/30/2001,24.980000,25.070000,23.990000,24.030000
07/31/2001,24.910000,25.050000,23.430000,23.870000
08/01/2001,23.710000,23.910000,22.840000,22.980000
08/02/2001,22.650000,23.800000,22.560000,23.280000
08/03/2001,23.170000,23.690000,22.260000,22.390000
08/06/2001,23.130000,24.200000,22.850000,23.740000
08/07/2001,23.360000,23.460000,22.560000,22.650000
08/08/2001,24.240000,24.620000,22.540000,24.360000
08/09/2001,25.010000,25.010000,23.420000,23.640000
08/10/2001,23.970000,25.250000,22.680000,22.810000
08/13/2001,23.520000,23.860000,23.080000,23.240000
08/14/2001,23.030000,23.300000,22.840000,23.010000
08/15/2001,23.380000,24.010000,23.050000,23.770000
08/16/2001,24.370000,24.810000,23.420000,23.830000
08/17/2001,24.950000,27.500000,24.940000,26.740000
08/20/2001,27.480000,27.780000,24.990000,25.140000
08/21/2001,25.640000,26.420000,24.000000,25.990000
08/22/2001,25.960000,26.720000,24.780000,25.090000
08/23/2001,25.910000,25.910000,24.640000,24.920000
08/24/2001,24.590000,24.990000,22.160000,22.290000
08/27/2001,22.840000,23.290000,21.940000,22.440000
08/28/2001,22.600000,24.230000,22.510000,24.020000
08/29/2001,24.330000,26.300000,24.160000,25.730000
08/30/2001,26.030000,28.670000,25.970000,28.080000
08/31/2001,28.360000,29.070000,27.200000,27.850000
09/04/2001,29.760000,29.830000,26.840000,28.660000
09/05/2001,29.730000,30.500000,28.580000,28.960000
09/06/2001,30.410000,32.800000,30.080000,32.480000
09/07/2001,33.590000,34.610000,32.000000,34.360000
09/10/2001,37.210000,37.350000,33.870000,33.870000
09/17/2001,39.760000,47.700000,39.760000,44.940000
09/18/2001,46.490000,46.670000,41.700000,42.500000
09/19/2001,41.110000,47.620000,40.800000,43.240000
09/20/2001,45.930000,49.040000,45.760000,49.040000
09/21/2001,57.310000,57.310000,47.280000,48.270000
09/24/2001,45.070000,45.520000,40.050000,41.330000
09/25/2001,40.060000,40.410000,38.380000,38.870000
09/26/2001,38.580000,39.710000,37.950000,39.150000
09/27/2001,38.780000,39.650000,37.200000,37.410000
09/28/2001,37.400000,37.470000,35.030000,35.190000
10/01/2001,35.620000,36.550000,34.710000,34.780000
10/02/2001,35.530000,35.770000,33.930000,34.050000
10/03/2001,35.000000,35.000000,32.460000,33.100000
10/04/2001,34.320000,34.570000,32.980000,34.400000
10/05/2001,35.570000,36.780000,34.400000,34.660000
10/08/2001,36.900000,37.620000,35.880000,35.910000
10/09/2001,36.400000,36.690000,35.570000,35.990000
10/10/2001,36.260000,36.640000,33.250000,33.460000
10/11/2001,32.090000,33.180000,31.700000,32.590000
10/12/2001,34.480000,38.150000,33.520000,36.450000
10/15/2001,37.780000,38.540000,36.760000,37.360000
10/16/2001,37.520000,37.910000,34.950000,35.220000
10/17/2001,34.700000,37.230000,34.230000,37.230000
10/18/2001,38.040000,38.560000,36.670000,37.360000
10/19/2001,37.210000,37.960000,35.680000,35.840000
10/22/2001,36.080000,36.490000,32.850000,33.110000
10/23/2001,33.310000,33.820000,32.250000,33.190000
10/24/2001,34.490000,34.490000,32.310000,32.870000
10/25/2001,33.880000,35.080000,31.180000,31.360000
10/26/2001,32.250000,32.570000,30.020000,30.530000
10/29/2001,31.400000,32.700000,30.950000,32.390000
10/30/2001,34.690000,36.280000,34.430000,35.150000
10/31/2001,34.670000,35.550000,33.670000,35.280000
11/01/2001,36.710000,36.970000,33.830000,34.180000
11/02/2001,34.570000,34.970000,32.160000,32.400000
11/05/2001,32.360000,32.940000,31.200000,31.940000
11/06/2001,32.530000,32.660000,29.220000,29.850000
11/07/2001,31.180000,31.720000,29.670000,30.470000
11/08/2001,30.190000,30.390000,28.200000,29.880000
11/09/2001,30.680000,31.560000,28.190000,28.760000
11/12/2001,31.550000,33.060000,30.920000,31.260000
11/13/2001,30.030000,30.340000,28.510000,28.580000
11/14/2001,28.390000,30.110000,28.000000,28.600000
11/15/2001,28.890000,29.100000,27.450000,27.780000
11/16/2001,28.150000,28.410000,27.100000,27.170000
11/19/2001,27.210000,27.210000,25.460000,25.640000
11/20/2001,26.400000,26.550000,24.970000,26.130000
11/21/2001,25.360000,26.750000,24.770000,25.320000
11/23/2001,26.260000,26.260000,24.680000,24.780000
11/26/2001,25.950000,26.200000,24.940000,25.240000
11/27/2001,25.770000,26.350000,24.080000,25.210000
11/28/2001,27.030000,27.910000,26.090000,27.750000
11/29/2001,27.930000,28.560000,25.890000,26.260000
11/30/2001,26.780000,27.100000,25.520000,26.140000
12/03/2001,26.470000,27.040000,25.820000,26.000000
12/04/2001,26.500000,26.920000,24.780000,25.330000
12/05/2001,24.520000,24.790000,23.620000,24.790000
12/06/2001,25.260000,25.660000,24.630000,25.100000
12/07/2001,25.220000,25.400000,24.570000,24.890000
12/10/2001,26.140000,26.650000,25.220000,26.000000
12/11/2001,25.950000,26.270000,24.930000,25.690000
12/12/2001,26.630000,27.380000,25.140000,25.520000
12/13/2001,26.230000,27.160000,25.650000,26.700000
12/14/2001,27.880000,28.960000,25.300000,25.970000
12/17/2001,26.520000,26.520000,24.830000,25.430000
12/18/2001,24.790000,25.060000,24.020000,24.160000
12/19/2001,24.630000,25.010000,22.900000,23.570000
12/20/2001,24.150000,24.760000,23.700000,24.380000
12/21/2001,24.360000,24.420000,22.970000,23.290000
12/24/2001,23.130000,23.670000,22.790000,23.210000
12/26/2001,24.560000,24.560000,22.380000,22.930000
12/27/2001,23.050000,23.050000,22.040000,22.280000
12/28/2001,22.280000,23.100000,21.970000,22.330000
12/31/2001,22.650000,23.410000,22.270000,23.220000
01/02/2002,24.700000,25.260000,23.690000,23.920000
01/03/2002,23.880000,24.190000,22.820000,22.830000
01/04/2002,22.710000,23.530000,21.900000,22.020000
01/07/2002,22.380000,23.310000,21.980000,22.170000
01/08/2002,22.910000,23.090000,21.870000,22.500000
01/09/2002,23.010000,23.680000,22.030000,23.350000
01/10/2002,23.740000,24.420000,22.980000,23.130000
01/11/2002,23.730000,25.260000,23.320000,23.980000
01/14/2002,24.960000,25.390000,24.490000,25.060000
01/15/2002,25.190000,25.470000,24.170000,24.420000
01/16/2002,24.750000,25.420000,24.030000,25.260000
01/17/2002,24.920000,25.210000,23.720000,23.740000
01/18/2002,24.690000,25.030000,24.060000,24.340000
01/22/2002,24.540000,25.240000,23.970000,25.100000
01/23/2002,25.210000,25.860000,23.540000,23.660000
01/24/2002,23.330000,23.450000,22.390000,22.770000
01/25/2002,23.470000,23.920000,21.930000,21.930000
01/28/2002,21.940000,22.820000,21.690000,21.770000
01/29/2002,21.960000,26.680000,21.740000,26.260000
01/30/2002,26.960000,29.920000,24.770000,24.870000
01/31/2002,24.860000,25.280000,22.770000,22.840000
02/01/2002,23.000000,23.630000,22.510000,22.870000
02/04/2002,24.340000,26.940000,23.860000,26.850000
02/05/2002,26.400000,27.740000,25.680000,26.770000
02/06/2002,27.530000,28.660000,27.140000,28.200000
02/07/2002,27.670000,28.530000,26.520000,27.680000
02/08/2002,26.850000,27.100000,25.290000,25.470000
02/11/2002,25.480000,25.930000,23.270000,23.540000
02/12/2002,24.440000,24.980000,23.290000,23.510000
02/13/2002,23.580000,23.600000,22.140000,22.420000
02/14/2002,22.660000,23.660000,22.470000,22.890000
02/15/2002,23.190000,24.120000,23.000000,24.090000
02/19/2002,25.490000,26.370000,25.320000,26.370000
02/20/2002,26.040000,27.000000,24.090000,24.260000
02/21/2002,24.610000,26.200000,23.480000,25.820000
02/22/2002,26.710000,27.450000,24.890000,24.890000
02/25/2002,24.640000,24.690000,22.750000,23.280000
02/26/2002,23.790000,24.610000,23.100000,23.570000
02/27/2002,23.340000,24.120000,22.300000,23.090000
02/28/2002,23.210000,23.790000,22.490000,23.130000
03/01/2002,23.100000,23.380000,21.330000,22.130000
03/04/2002,22.490000,22.880000,21.710000,22.080000
03/05/2002,22.450000,23.020000,21.460000,21.810000
03/06/2002,22.410000,22.410000,21.390000,22.030000
03/07/2002,22.080000,22.880000,21.880000,21.950000
03/08/2002,22.200000,22.240000,21.470000,21.610000
03/11/2002,22.940000,23.130000,21.900000,22.370000
03/12/2002,23.060000,23.140000,21.310000,21.310000
03/13/2002,22.010000,22.650000,21.550000,21.970000
03/14/2002,21.740000,22.270000,21.380000,22.020000
03/15/2002,21.530000,21.930000,20.770000,20.770000
03/18/2002,21.090000,21.890000,20.420000,20.750000
03/19/2002,21.160000,21.380000,20.210000,20.350000
03/20/2002,21.180000,21.180000,20.210000,20.730000
03/21/2002,21.200000,21.760000,19.890000,19.980000
03/22/2002,20.770000,20.870000,19.560000,19.620000
03/25/2002,20.300000,20.830000,19.980000,20.480000
03/26/2002,20.300000,20.380000,19.380000,19.750000
03/27/2002,20.310000,20.400000,19.230000,19.250000
03/28/2002,19.150000,19.440000,18.870000,19.320000
04/01/2002,20.650000,21.110000,19.970000,20.050000
04/02/2002,20.820000,21.210000,20.510000,20.680000
04/03/2002,21.160000,22.130000,21.010000,21.640000
04/04/2002,22.360000,22.450000,21.540000,21.770000
04/05/2002,21.300000,21.970000,20.740000,21.110000
04/08/2002,22.810000,22.810000,20.740000,20.740000
04/09/2002,20.730000,21.250000,20.640000,21.050000
04/10/2002,21.580000,21.920000,19.010000,20.220000
04/11/2002,20.660000,22.550000,20.480000,22.330000
04/12/2002,23.370000,23.470000,21.800000,22.090000
04/15/2002,22.520000,23.000000,21.780000,22.380000
04/16/2002,21.910000,21.910000,19.920000,20.300000
04/17/2002,20.620000,20.790000,20.050000,20.180000
04/18/2002,20.920000,22.370000,20.380000,21.240000
04/19/2002,21.330000,21.460000,19.980000,20.300000
04/22/2002,20.940000,22.150000,20.640000,21.720000
04/23/2002,21.860000,22.340000,20.790000,22.130000
04/24/2002,22.370000,23.090000,21.390000,22.680000
04/25/2002,23.570000,23.960000,22.470000,23.050000
04/26/2002,22.880000,24.750000,22.880000,24.640000
04/29/2002,24.940000,26.360000,24.410000,26.110000
04/30/2002,26.130000,26.650000,23.480000,23.510000
05/01/2002,24.100000,24.330000,21.920000,22.310000
05/02/2002,22.200000,22.990000,22.100000,22.380000
05/03/2002,22.770000,23.930000,22.730000,23.230000
05/06/2002,23.250000,24.920000,22.740000,24.880000
05/07/2002,24.690000,25.100000,23.940000,24.570000
05/08/2002,23.900000,24.090000,22.280000,23.290000
05/09/2002,23.610000,24.540000,23.390000,24.360000
05/10/2002,24.640000,25.750000,24.460000,25.030000
05/13/2002,25.820000,25.920000,23.260000,23.510000
05/14/2002,22.640000,22.900000,20.740000,21.750000
05/15/2002,22.160000,22.420000,21.030000,22.130000
05/16/2002,22.020000,22.250000,20.880000,21.450000
05/17/2002,21.280000,21.610000,20.170000,20.280000
05/20/2002,21.280000,21.950000,20.960000,21.560000
05/21/2002,21.210000,22.650000,20.620000,22.560000
05/22/2002,22.770000,23.190000,21.520000,21.590000
05/23/2002,21.580000,22.210000,20.240000,20.350000
05/24/2002,21.070000,21.740000,20.600000,21.160000
05/28/2002,22.320000,23.370000,21.680000,22.430000
05/29/2002,23.140000,23.470000,22.490000,23.100000
05/30/2002,23.680000,24.510000,22.770000,23.140000
05/31/2002,23.360000,23.620000,22.000000,22.800000
06/03/2002,22.930000,25.700000,22.510000,25.700000
06/04/2002,26.960000,27.930000,25.940000,26.940000
06/05/2002,26.150000,26.280000,24.710000,24.710000
06/06/2002,25.690000,28.220000,25.510000,27.460000
06/07/2002,29.230000,29.940000,26.110000,26.650000
06/10/2002,26.710000,27.060000,25.470000,26.150000
06/11/2002,25.940000,27.460000,25.070000,27.460000
06/12/2002,27.720000,29.340000,26.980000,27.010000
06/13/2002,27.710000,28.810000,27.080000,28.730000
06/14/2002,31.180000,36.010000,29.240000,29.930000
06/17/2002,29.020000,29.120000,27.000000,27.600000
06/18/2002,28.360000,28.570000,26.930000,27.330000
06/19/2002,28.330000,29.870000,28.050000,29.710000
06/20/2002,30.290000,32.500000,29.950000,32.500000
06/21/2002,32.620000,33.490000,30.240000,31.280000
06/24/2002,30.760000,32.880000,29.270000,29.870000
06/25/2002,29.690000,31.640000,28.650000,31.470000
06/26/2002,35.270000,35.990000,32.290000,32.330000
06/27/2002,31.500000,33.600000,30.020000,30.020000
06/28/2002,30.350000,30.350000,28.600000,29.130000
07/01/2002,29.130000,30.790000,28.630000,30.560000
07/02/2002,31.760000,34.640000,31.330000,33.690000
07/03/2002,33.600000,35.350000,32.890000,33.310000
07/05/2002,32.360000,32.380000,29.260000,30.210000
07/08/2002,30.810000,32.680000,30.790000,31.530000
07/09/2002,31.870000,34.230000,31.150000,33.920000
07/10/2002,35.170000,39.360000,34.730000,39.020000
07/11/2002,39.980000,41.640000,38.450000,38.640000
07/12/2002,39.050000,40.820000,37.550000,38.330000
07/15/2002,39.550000,43.760000,38.430000,39.300000
07/16/2002,41.010000,42.850000,39.950000,42.050000
07/17/2002,39.520000,42.140000,38.940000,39.800000
07/18/2002,40.390000,41.330000,38.240000,39.950000
07/19/2002,41.720000,43.790000,40.730000,43.450000
07/22/2002,43.390000,49.670000,42.810000,48.230000
07/23/2002,47.750000,52.480000,47.220000,50.480000
07/24/2002,55.880000,56.740000,44.920000,45.290000
07/25/2002,46.620000,47.880000,43.110000,44.650000
07/26/2002,44.910000,45.140000,40.350000,40.440000
07/29/2002,36.940000,37.440000,33.350000,33.730000
07/30/2002,35.810000,36.730000,33.740000,35.150000
07/31/2002,36.120000,37.490000,34.960000,35.210000
08/01/2002,37.220000,41.800000,36.700000,41.490000
08/02/2002,41.980000,48.970000,40.900000,45.390000
08/05/2002,45.590000,49.830000,45.460000,49.310000
08/06/2002,46.660000,47.290000,44.090000,45.730000
08/07/2002,45.080000,47.010000,42.700000,43.070000
08/08/2002,42.560000,43.850000,39.710000,39.800000
08/09/2002,42.690000,42.690000,39.070000,39.360000
08/12/2002,41.650000,42.940000,39.980000,40.460000
08/13/2002,41.020000,41.350000,37.940000,39.800000
08/14/2002,40.660000,41.680000,36.090000,36.360000
08/15/2002,35.370000,36.570000,33.070000,33.070000
08/16/2002,35.060000,35.060000,32.050000,32.820000
08/19/2002,33.350000,33.470000,30.890000,31.570000
08/20/2002,33.000000,34.010000,32.050000,32.560000
08/21/2002,31.980000,34.020000,30.620000,31.630000
08/22/2002,31.620000,32.540000,30.440000,30.960000
08/23/2002,32.140000,33.400000,31.630000,32.810000
08/26/2002,34.140000,35.210000,31.850000,32.290000
08/27/2002,31.940000,33.350000,31.580000,32.730000
08/28/2002,34.270000,36.960000,33.880000,36.230000
08/29/2002,38.690000,39.140000,35.840000,36.320000
08/30/2002,37.330000,37.510000,34.910000,35.800000
09/03/2002,39.160000,44.130000,39.160000,43.860000
09/04/2002,42.890000,43.440000,39.450000,39.940000
09/05/2002,43.020000,44.870000,41.790000,42.230000
09/06/2002,40.250000,41.040000,39.220000,40.040000
09/09/2002,41.100000,42.130000,37.480000,38.400000
09/10/2002,38.120000,38.400000,36.780000,36.960000
09/11/2002,38.370000,38.450000,35.920000,37.230000
09/12/2002,39.190000,41.070000,39.090000,40.720000
09/13/2002,42.030000,42.660000,39.090000,39.310000
09/16/2002,42.040000,43.080000,39.590000,40.540000
09/17/2002,38.940000,42.210000,38.500000,41.960000
09/18/2002,43.160000,44.300000,40.300000,40.890000
09/19/2002,44.590000,46.720000,43.950000,46.160000
09/20/2002,45.010000,46.100000,43.390000,44.550000
09/23/2002,45.070000,46.460000,43.930000,44.710000
09/24/2002,46.180000,46.770000,44.180000,45.380000
09/25/2002,44.830000,46.230000,40.240000,42.410000
09/26/2002,41.730000,41.730000,39.870000,40.120000
09/27/2002,41.000000,43.500000,39.660000,43.140000
09/30/2002,45.360000,47.500000,43.190000,44.570000
10/01/2002,44.830000,45.320000,39.770000,40.130000
10/02/2002,40.300000,43.780000,40.100000,43.360000
10/03/2002,45.070000,45.740000,42.880000,44.960000
10/04/2002,43.820000,48.850000,43.460000,46.280000
10/07/2002,47.550000,49.710000,46.280000,49.180000
10/08/2002,47.710000,49.320000,45.450000,46.460000
10/09/2002,49.180000,49.990000,46.800000,49.480000
10/10/2002,49.320000,50.480000,46.170000,46.290000
10/11/2002,45.090000,45.370000,42.710000,43.440000
10/14/2002,44.000000,44.050000,42.120000,42.610000
10/15/2002,40.930000,41.210000,39.580000,39.740000
10/16/2002,40.480000,42.470000,40.290000,41.970000
10/17/2002,40.760000,41.370000,39.740000,40.160000
10/18/2002,40.110000,41.470000,39.370000,39.820000
10/21/2002,40.850000,41.270000,38.470000,38.910000
10/22/2002,39.730000,40.440000,38.950000,39.340000
10/23/2002,41.000000,41.990000,38.870000,39.380000
10/24/2002,38.810000,40.240000,37.900000,39.900000
10/25/2002,40.420000,40.710000,36.090000,36.270000
10/28/2002,34.700000,36.350000,34.200000,35.670000
10/29/2002,36.250000,38.660000,35.940000,36.800000
10/30/2002,37.220000,37.670000,35.760000,36.080000
10/31/2002,36.480000,36.700000,35.140000,35.910000
11/01/2002,36.110000,36.620000,33.570000,33.980000
11/04/2002,33.520000,34.850000,32.450000,34.470000
11/05/2002,34.320000,34.980000,33.500000,34.280000
11/06/2002,35.270000,36.670000,33.870000,34.480000
11/07/2002,34.460000,35.910000,34.360000,35.280000
11/08/2002,35.660000,36.070000,33.560000,33.560000
11/11/2002,35.230000,36.210000,35.060000,36.110000
11/12/2002,34.890000,35.710000,33.630000,35.390000
11/13/2002,35.630000,36.870000,34.530000,36.280000
11/14/2002,34.560000,34.640000,32.540000,32.600000
11/15/2002,33.320000,33.320000,30.830000,30.830000
11/18/2002,30.140000,31.350000,29.960000,31.110000
11/19/2002,32.330000,32.700000,30.730000,31.360000
11/20/2002,31.350000,31.460000,28.660000,28.660000
11/21/2002,28.650000,28.870000,27.210000,27.370000
11/22/2002,28.310000,28.480000,26.410000,26.730000
11/25/2002,28.000000,28.260000,26.820000,26.950000
11/26/2002,27.820000,29.310000,27.180000,28.740000
11/27/2002,28.310000,30.840000,26.910000,30.840000
11/29/2002,31.300000,32.010000,30.800000,31.080000
12/02/2002,30.880000,31.640000,29.970000,30.050000
12/03/2002,31.240000,32.320000,30.880000,31.760000
12/04/2002,32.700000,33.140000,31.140000,32.140000
12/05/2002,32.950000,34.700000,32.840000,34.280000
12/06/2002,35.220000,35.580000,32.650000,32.680000
12/09/2002,34.050000,34.900000,33.500000,34.470000
12/10/2002,33.980000,34.110000,31.440000,31.670000
12/11/2002,32.460000,32.460000,30.810000,31.400000
12/12/2002,31.260000,31.860000,30.380000,30.810000
12/13/2002,32.010000,32.880000,31.300000,32.120000
12/16/2002,32.730000,32.730000,29.830000,29.980000
12/17/2002,30.280000,30.700000,29.590000,30.160000
12/18/2002,31.050000,32.330000,30.890000,31.750000
12/19/2002,32.530000,35.550000,31.630000,34.550000
12/20/2002,34.380000,34.380000,30.980000,31.470000
12/23/2002,31.280000,31.440000,29.330000,29.330000
12/24/2002,30.040000,30.350000,29.490000,30.010000
12/26/2002,30.830000,31.610000,30.100000,31.080000
12/27/2002,32.260000,34.740000,32.020000,34.150000
12/30/2002,33.870000,34.490000,32.450000,32.560000
12/31/2002,33.100000,33.920000,31.640000,32.030000
01/02/2003,32.470000,32.980000,28.370000,28.520000
01/03/2003,28.840000,29.090000,27.920000,27.980000
01/06/2003,27.580000,27.760000,26.450000,27.410000
01/07/2003,27.820000,28.280000,27.000000,27.480000
01/08/2003,28.490000,28.780000,27.470000,28.420000
01/09/2003,27.700000,27.880000,26.190000,26.880000
01/10/2003,27.530000,27.760000,26.540000,27.130000
01/13/2003,27.000000,27.830000,26.310000,27.520000
01/14/2003,27.570000,27.780000,26.550000,26.550000
01/15/2003,27.600000,28.440000,27.310000,27.860000
01/16/2003,27.460000,28.510000,27.090000,27.670000
01/17/2003,28.830000,29.500000,28.030000,28.680000
01/21/2003,29.470000,31.180000,29.220000,30.530000
01/22/2003,31.410000,32.400000,30.560000,32.010000
01/23/2003,31.970000,33.220000,30.420000,30.970000
01/24/2003,31.320000,37.110000,31.230000,35.770000
01/27/2003,38.350000,40.890000,36.710000,39.770000
01/28/2003,38.490000,38.680000,35.520000,35.520000
01/29/2003,37.130000,38.280000,35.190000,35.220000
01/30/2003,35.340000,36.550000,34.750000,36.370000
01/31/2003,37.370000,37.370000,34.970000,35.780000
02/03/2003,35.550000,35.650000,33.850000,33.980000
02/04/2003,36.220000,38.080000,36.220000,36.700000
02/05/2003,36.470000,37.510000,35.520000,36.840000
02/06/2003,38.140000,39.640000,37.280000,38.420000
02/07/2003,37.500000,39.790000,37.500000,38.800000
02/10/2003,39.640000,40.480000,37.530000,37.700000
02/11/2003,36.540000,38.050000,35.530000,37.350000
02/12/2003,38.350000,39.450000,38.110000,39.100000
02/13/2003,39.890000,40.680000,37.730000,38.450000
02/14/2003,39.430000,39.530000,36.980000,37.100000
02/18/2003,36.350000,37.060000,35.250000,35.560000
02/19/2003,35.490000,36.400000,35.070000,35.220000
02/20/2003,35.680000,36.770000,35.380000,35.670000
02/21/2003,35.810000,37.170000,34.140000,34.140000
02/24/2003,35.660000,36.780000,35.430000,36.770000
02/25/2003,37.550000,38.130000,35.920000,36.120000
02/26/2003,36.980000,37.500000,35.970000,37.020000
02/27/2003,36.680000,37.050000,34.900000,35.180000
02/28/2003,34.570000,34.860000,33.390000,34.150000
03/03/2003,33.500000,34.350000,32.980000,34.090000
03/04/2003,35.240000,36.580000,35.190000,36.580000
03/05/2003,36.320000,36.540000,34.200000,34.230000
03/06/2003,35.690000,36.880000,35.070000,36.340000
03/07/2003,37.490000,37.800000,35.390000,35.650000
03/10/2003,37.110000,38.260000,37.110000,37.850000
03/11/2003,37.570000,38.400000,36.870000,38.080000
03/12/2003,40.100000,41.160000,38.880000,38.990000
03/13/2003,37.830000,38.230000,35.800000,35.930000
03/14/2003,36.460000,36.850000,35.270000,36.330000
03/17/2003,37.320000,37.750000,36.390000,36.460000
03/18/2003,36.330000,37.470000,35.190000,35.780000
03/19/2003,35.600000,36.390000,34.870000,36.180000
03/20/2003,36.700000,38.100000,34.360000,35.260000
03/21/2003,33.930000,34.600000,32.830000,33.620000
03/24/2003,35.820000,36.050000,34.130000,35.200000
03/25/2003,35.140000,35.140000,32.500000,32.660000
03/26/2003,33.480000,33.520000,32.050000,32.160000
03/27/2003,33.410000,33.940000,31.500000,32.150000
03/28/2003,33.300000,33.300000,32.130000,32.180000
03/31/2003,33.660000,34.370000,32.350000,33.370000
04/01/2003,33.330000,34.020000,31.440000,32.100000
04/02/2003,30.720000,31.430000,30.490000,31.290000
04/03/2003,32.190000,32.580000,31.530000,32.340000
04/04/2003,31.610000,34.390000,31.610000,32.800000
04/07/2003,31.960000,32.290000,30.510000,31.730000
04/08/2003,30.770000,30.960000,29.330000,29.590000
04/09/2003,30.760000,30.910000,29.300000,30.910000
04/10/2003,30.460000,30.770000,28.830000,28.960000
04/11/2003,28.190000,29.400000,27.770000,28.270000
04/14/2003,28.720000,28.860000,26.020000,26.470000
04/15/2003,27.080000,27.430000,25.790000,26.040000
04/16/2003,25.930000,26.550000,25.100000,26.090000
04/17/2003,26.310000,26.440000,24.460000,24.590000
04/21/2003,25.150000,25.480000,24.270000,24.270000
04/22/2003,24.930000,25.140000,23.210000,23.510000
04/23/2003,23.950000,24.510000,23.310000,23.490000
04/24/2003,24.220000,24.480000,23.040000,23.290000
04/25/2003,23.440000,24.730000,23.440000,23.900000
04/28/2003,23.510000,23.690000,22.650000,23.050000
04/29/2003,23.230000,24.300000,23.030000,23.530000
04/30/2003,23.840000,24.120000,23.350000,23.770000
05/01/2003,24.530000,25.700000,24.010000,24.500000
05/02/2003,24.520000,24.650000,23.570000,23.610000
05/05/2003,23.740000,24.130000,23.060000,23.240000
05/06/2003,23.310000,23.810000,22.470000,23.260000
05/07/2003,24.180000,24.600000,23.140000,23.710000
05/08/2003,24.200000,24.400000,23.080000,23.690000
05/09/2003,23.590000,23.740000,22.040000,22.040000
05/12/2003,22.990000,23.150000,21.350000,21.420000
05/13/2003,21.980000,22.910000,21.570000,22.030000
05/14/2003,22.260000,23.230000,22.260000,22.760000
05/15/2003,22.290000,22.820000,21.470000,21.670000
05/16/2003,21.690000,22.740000,20.570000,21.010000
05/19/2003,21.590000,23.330000,21.250000,23.040000
05/20/2003,23.180000,25.080000,22.370000,23.370000
05/21/2003,24.260000,24.590000,22.870000,23.210000
05/22/2003,23.530000,23.650000,21.590000,21.620000
05/23/2003,22.250000,22.620000,21.160000,21.380000
05/27/2003,22.560000,22.770000,21.170000,21.770000
05/28/2003,22.150000,22.510000,21.550000,22.000000
05/29/2003,22.290000,22.830000,21.550000,22.490000
05/30/2003,22.610000,22.710000,21.610000,21.700000
06/02/2003,21.950000,22.740000,20.970000,22.230000
06/03/2003,22.900000,23.420000,22.340000,22.450000
06/04/2003,22.890000,23.300000,22.370000,22.480000
06/05/2003,23.460000,23.650000,22.820000,23.120000
06/06/2003,22.620000,23.690000,22.590000,23.430000
06/09/2003,24.390000,24.660000,23.670000,23.710000
06/10/2003,23.130000,23.490000,21.990000,22.130000
06/11/2003,22.730000,22.970000,21.790000,22.120000
06/12/2003,22.500000,23.110000,22.050000,22.330000
06/13/2003,22.310000,23.540000,22.310000,22.880000
06/16/2003,23.110000,23.400000,21.650000,22.240000
06/17/2003,23.010000,23.370000,21.480000,21.770000
06/18/2003,22.100000,22.670000,21.440000,21.600000
06/19/2003,21.830000,22.270000,21.320000,22.010000
06/20/2003,21.560000,21.980000,20.690000,21.090000
06/23/2003,21.770000,23.020000,21.320000,22.660000
06/24/2003,22.410000,23.030000,22.060000,22.760000
06/25/2003,23.590000,23.970000,22.730000,23.190000
06/26/2003,22.880000,23.070000,21.640000,21.800000
06/27/2003,22.310000,22.510000,21.120000,21.710000
06/30/2003,21.260000,22.040000,20.980000,21.620000
07/01/2003,22.470000,23.110000,21.180000,21.290000
07/02/2003,21.240000,21.740000,21.020000,21.140000
07/03/2003,21.870000,22.160000,20.550000,21.610000
07/07/2003,22.060000,22.540000,21.790000,22.050000
07/08/2003,22.070000,22.310000,21.110000,21.400000
07/09/2003,22.130000,22.220000,20.880000,21.030000
07/10/2003,21.960000,22.300000,21.340000,21.530000
07/11/2003,22.020000,22.230000,20.630000,20.720000
07/14/2003,20.870000,21.800000,20.600000,21.410000
07/15/2003,21.610000,22.340000,21.300000,21.840000
07/16/2003,21.910000,22.740000,21.620000,22.290000
07/17/2003,22.490000,23.470000,22.340000,22.820000
07/18/2003,22.750000,23.110000,21.290000,21.360000
07/21/2003,21.990000,22.780000,21.760000,22.120000
07/22/2003,21.810000,22.380000,20.960000,20.980000
07/23/2003,21.580000,21.820000,20.370000,20.440000
07/24/2003,20.520000,20.660000,19.630000,20.460000
07/25/2003,21.120000,21.290000,19.860000,19.940000
07/28/2003,20.180000,20.430000,19.740000,19.930000
07/29/2003,20.270000,21.070000,19.960000,20.230000
07/30/2003,20.810000,21.060000,20.540000,20.720000
07/31/2003,21.040000,21.440000,20.400000,21.240000
08/01/2003,22.030000,23.110000,22.030000,22.780000
08/04/2003,23.680000,24.900000,22.390000,22.650000
08/05/2003,22.760000,24.120000,22.660000,24.110000
08/06/2003,25.380000,25.880000,23.090000,23.300000
08/07/2003,23.560000,23.570000,21.730000,21.890000
08/08/2003,21.880000,22.030000,21.220000,21.290000
08/11/2003,22.190000,22.430000,21.160000,21.420000
08/12/2003,21.160000,21.600000,20.190000,20.210000
08/13/2003,20.390000,21.690000,20.170000,20.620000
08/14/2003,21.110000,21.530000,20.220000,20.510000
08/15/2003,20.810000,21.210000,20.050000,20.200000
08/18/2003,20.210000,20.300000,19.060000,19.280000
08/19/2003,19.620000,20.190000,19.110000,19.230000
08/20/2003,19.790000,20.180000,19.350000,19.710000
08/21/2003,19.790000,20.550000,19.380000,19.530000
08/22/2003,19.480000,20.540000,19.410000,20.270000
08/25/2003,20.690000,20.940000,20.230000,20.320000
08/26/2003,21.130000,21.700000,20.250000,20.330000
08/27/2003,20.920000,21.070000,20.280000,20.340000
08/28/2003,20.580000,21.310000,19.810000,19.930000
08/29/2003,20.660000,20.660000,19.410000,19.490000
09/02/2003,20.120000,20.930000,19.790000,19.950000
09/03/2003,20.170000,20.890000,19.940000,20.430000
09/04/2003,21.010000,21.240000,19.860000,19.890000
09/05/2003,20.150000,20.160000,19.220000,19.370000
09/08/2003,19.440000,19.540000,18.790000,18.790000
09/09/2003,19.430000,20.020000,19.200000,19.680000
09/10/2003,20.770000,21.400000,20.210000,21.260000
09/11/2003,21.290000,21.460000,20.240000,20.500000
09/12/2003,21.400000,21.900000,20.130000,20.250000
09/15/2003,20.830000,21.440000,20.250000,20.250000
09/16/2003,20.720000,20.850000,19.250000,19.310000
09/17/2003,19.590000,20.140000,19.470000,19.620000
09/18/2003,20.370000,20.370000,19.170000,19.300000
09/19/2003,19.330000,19.790000,19.030000,19.070000
09/22/2003,20.470000,21.290000,20.240000,20.530000
09/23/2003,21.110000,21.130000,19.850000,19.920000
09/24/2003,20.440000,22.980000,20.400000,22.980000
09/25/2003,22.700000,23.900000,22.480000,23.420000
09/26/2003,24.410000,24.890000,23.440000,23.800000
09/29/2003,23.770000,23.800000,22.170000,22.240000
09/30/2003,23.270000,24.980000,23.200000,23.770000
10/01/2003,23.290000,23.500000,21.710000,22.010000
10/02/2003,22.750000,23.040000,21.940000,22.050000
10/03/2003,21.600000,21.760000,20.040000,20.490000
10/06/2003,21.180000,21.310000,19.660000,19.810000
10/07/2003,20.830000,20.990000,19.690000,19.810000
10/08/2003,20.350000,20.780000,20.040000,20.150000
10/09/2003,19.970000,20.070000,19.290000,19.580000
10/10/2003,19.960000,19.980000,19.120000,19.240000
10/13/2003,19.610000,19.970000,19.060000,19.330000
10/14/2003,19.570000,19.950000,19.050000,19.390000
10/15/2003,19.580000,20.120000,18.970000,19.260000
10/16/2003,19.630000,19.830000,18.700000,19.120000
10/17/2003,19.120000,19.760000,18.940000,19.190000
10/20/2003,19.420000,19.690000,18.020000,18.160000
10/21/2003,18.520000,18.770000,17.430000,17.820000
10/22/2003,18.650000,19.590000,18.490000,19.060000
10/23/2003,19.890000,19.990000,19.020000,19.100000
10/24/2003,19.820000,20.420000,18.930000,18.930000
10/27/2003,18.980000,19.350000,18.530000,19.100000
10/28/2003,19.090000,19.170000,17.710000,17.840000
10/29/2003,18.000000,18.090000,17.070000,17.150000
10/30/2003,17.460000,18.060000,17.010000,17.500000
10/31/2003,17.300000,17.700000,17.000000,17.150000
11/03/2003,17.430000,17.430000,16.720000,17.090000
11/04/2003,17.400000,17.740000,17.110000,17.420000
11/05/2003,17.810000,18.350000,17.440000,17.560000
11/06/2003,18.320000,18.600000,17.580000,17.580000
11/07/2003,17.610000,18.020000,17.350000,17.560000
11/10/2003,18.230000,18.400000,17.870000,17.950000
11/11/2003,18.430000,18.600000,17.860000,18.000000
11/12/2003,18.320000,18.560000,16.790000,16.990000
11/13/2003,17.510000,17.670000,16.620000,16.840000
11/14/2003,16.930000,17.940000,16.680000,17.630000
11/17/2003,18.440000,20.270000,18.240000,18.820000
11/18/2003,18.520000,19.900000,18.330000,19.900000
11/19/2003,19.980000,20.410000,19.350000,19.450000
11/20/2003,20.180000,20.840000,18.940000,20.200000
11/21/2003,20.080000,20.400000,19.410000,19.890000
11/24/2003,18.860000,19.130000,17.060000,17.150000
11/25/2003,16.960000,17.250000,15.960000,16.290000
11/26/2003,16.410000,17.080000,15.810000,15.910000
11/28/2003,16.940000,17.010000,16.420000,16.710000
12/01/2003,16.400000,16.660000,15.710000,15.970000
12/02/2003,16.820000,16.900000,15.990000,16.420000
12/03/2003,16.300000,16.410000,15.840000,16.300000
12/04/2003,17.020000,17.370000,16.500000,16.560000
12/05/2003,17.200000,17.780000,16.870000,17.340000
12/08/2003,17.490000,17.730000,16.130000,16.310000
12/09/2003,16.420000,18.000000,16.400000,17.080000
12/10/2003,17.790000,19.710000,17.130000,17.330000
12/11/2003,17.160000,17.160000,15.660000,15.860000
12/12/2003,16.500000,16.970000,15.920000,15.950000
12/15/2003,16.560000,17.250000,16.260000,16.910000
12/16/2003,17.110000,17.110000,15.600000,15.700000
12/17/2003,16.010000,16.200000,14.970000,15.350000
12/18/2003,15.440000,16.300000,14.540000,16.250000
12/19/2003,16.350000,16.780000,15.830000,16.050000
12/22/2003,16.140000,16.910000,16.100000,16.200000
12/23/2003,16.270000,16.390000,15.300000,15.570000
12/24/2003,16.110000,16.250000,15.690000,16.120000
12/26/2003,16.530000,16.690000,16.130000,16.470000
12/29/2003,16.880000,16.990000,15.950000,16.040000
12/30/2003,16.550000,17.040000,16.460000,16.970000
12/31/2003,16.930000,17.810000,16.930000,17.510000
01/02/2004,18.130000,18.590000,17.600000,17.940000
01/05/2004,17.820000,17.850000,16.690000,16.710000
01/06/2004,16.630000,16.780000,15.070000,15.340000
01/07/2004,15.750000,16.140000,14.750000,14.850000
01/08/2004,14.860000,15.390000,14.420000,14.460000
01/09/2004,15.670000,16.210000,15.230000,15.940000
01/12/2004,16.560000,17.050000,16.170000,16.250000
01/13/2004,16.630000,17.860000,16.380000,16.870000
01/14/2004,16.760000,17.100000,16.260000,16.700000
01/15/2004,16.610000,17.310000,16.040000,16.230000
01/16/2004,15.610000,16.040000,14.880000,15.270000
01/20/2004,15.660000,15.830000,14.910000,14.910000
01/21/2004,15.510000,15.640000,14.370000,14.430000
01/22/2004,14.390000,15.340000,14.390000,15.010000
01/23/2004,15.080000,15.460000,14.670000,14.870000
01/26/2004,14.870000,15.280000,14.210000,14.320000
01/27/2004,14.950000,15.410000,14.750000,15.320000
01/28/2004,15.260000,17.110000,15.240000,17.100000
01/29/2004,16.960000,18.010000,16.930000,17.110000
01/30/2004,17.720000,17.770000,16.820000,17.050000
02/02/2004,16.890000,17.190000,16.040000,16.870000
02/03/2004,17.420000,17.720000,16.920000,17.060000
02/04/2004,17.740000,18.100000,17.250000,17.580000
02/05/2004,18.180000,18.390000,17.660000,17.750000
02/06/2004,17.520000,17.590000,15.830000,15.980000
02/09/2004,16.350000,16.470000,15.650000,15.770000
02/10/2004,16.050000,16.090000,15.320000,15.550000
02/11/2004,16.090000,16.260000,14.800000,14.880000
02/12/2004,15.290000,15.460000,14.730000,14.900000
02/13/2004,15.180000,16.250000,14.730000,15.630000
02/17/2004,15.910000,16.150000,15.240000,15.560000
02/18/2004,15.830000,16.140000,15.290000,15.740000
02/19/2004,15.760000,16.900000,15.460000,16.900000
02/20/2004,16.560000,17.230000,16.040000,16.250000
02/23/2004,16.610000,16.790000,15.750000,15.930000
02/24/2004,16.590000,16.720000,15.470000,15.820000
02/25/2004,15.980000,15.980000,14.890000,14.990000
02/26/2004,15.400000,15.590000,14.590000,14.650000
02/27/2004,15.240000,15.240000,14.290000,14.760000
03/01/2004,14.940000,14.940000,14.150000,14.180000
03/02/2004,14.570000,14.920000,14.030000,14.600000
03/03/2004,14.860000,15.460000,14.600000,14.610000
03/04/2004,14.710000,14.990000,14.570000,14.710000
03/05/2004,14.930000,14.990000,14.090000,14.800000
03/08/2004,14.890000,15.350000,14.490000,15.330000
03/09/2004,16.070000,16.890000,15.930000,16.370000
03/10/2004,17.010000,19.230000,16.750000,18.800000
03/11/2004,20.040000,21.710000,18.350000,21.710000
03/12/2004,20.580000,20.830000,18.580000,18.720000
03/15/2004,19.510000,21.640000,19.220000,21.380000
03/16/2004,20.430000,21.340000,20.200000,20.710000
03/17/2004,19.680000,19.730000,18.070000,18.140000
03/18/2004,18.670000,19.650000,18.180000,18.620000
03/19/2004,18.710000,19.400000,18.250000,19.160000
03/22/2004,20.670000,22.660000,20.410000,21.430000
03/23/2004,21.310000,21.780000,19.700000,20.450000
03/24/2004,21.040000,21.340000,19.850000,20.490000
03/25/2004,19.610000,19.990000,17.650000,17.760000
03/26/2004,18.140000,18.250000,16.740000,17.210000
03/29/2004,16.700000,16.700000,15.800000,15.960000
03/30/2004,16.700000,16.920000,15.960000,15.990000
03/31/2004,16.700000,16.900000,16.190000,16.730000
04/01/2004,17.190000,17.440000,17.010000,17.150000
04/02/2004,15.990000,16.300000,15.480000,15.560000
04/05/2004,15.760000,15.760000,13.880000,13.880000
04/06/2004,14.930000,14.960000,14.340000,14.490000
04/07/2004,15.190000,16.010000,15.190000,15.420000
04/08/2004,14.910000,16.600000,14.730000,15.830000
04/12/2004,16.000000,16.260000,15.300000,15.440000
04/13/2004,15.480000,18.060000,15.470000,17.500000
04/14/2004,18.180000,18.300000,16.660000,16.660000
04/15/2004,16.670000,17.240000,16.100000,16.240000
04/16/2004,16.510000,16.630000,14.740000,15.670000
04/19/2004,15.600000,16.110000,15.080000,15.230000
04/20/2004,15.300000,16.590000,14.740000,16.510000
04/21/2004,17.540000,17.590000,15.580000,15.660000
04/22/2004,16.220000,16.360000,14.170000,14.590000
04/23/2004,14.340000,14.990000,13.980000,14.220000
04/26/2004,14.060000,15.260000,13.910000,14.940000
04/27/2004,14.890000,15.360000,14.240000,14.980000
04/28/2004,16.250000,17.100000,16.250000,16.720000
04/29/2004,17.310000,18.010000,16.230000,17.300000
04/30/2004,17.050000,18.140000,16.690000,17.560000
05/03/2004,17.890000,17.890000,16.570000,16.630000
05/04/2004,16.970000,17.520000,15.880000,16.360000
05/05/2004,16.590000,17.140000,16.060000,16.230000
05/06/2004,17.510000,18.980000,17.470000,17.650000
05/07/2004,17.170000,19.300000,17.130000,19.070000
05/10/2004,20.190000,21.290000,19.430000,19.740000
05/11/2004,19.140000,19.140000,18.130000,18.490000
05/12/2004,19.310000,21.320000,18.480000,18.490000
05/13/2004,18.960000,19.780000,18.410000,19.390000
05/14/2004,19.560000,20.370000,18.510000,18.930000
05/17/2004,21.020000,21.420000,20.320000,21.030000
05/18/2004,20.200000,20.540000,19.230000,19.820000
05/19/2004,18.780000,19.480000,17.600000,19.370000
05/20/2004,19.540000,20.110000,19.050000,19.360000
05/21/2004,19.150000,19.690000,18.620000,19.160000
05/24/2004,18.610000,18.970000,18.050000,18.310000
05/25/2004,18.950000,19.210000,15.630000,15.910000
05/26/2004,16.190000,17.060000,15.950000,16.230000
05/27/2004,15.900000,16.390000,15.370000,15.530000
05/28/2004,15.920000,16.420000,15.640000,15.820000
06/01/2004,16.930000,17.600000,16.470000,16.670000
06/02/2004,16.530000,16.870000,15.780000,16.240000
06/03/2004,17.000000,17.450000,16.440000,17.290000
06/04/2004,16.340000,16.790000,15.510000,16.510000
06/07/2004,15.860000,15.870000,14.610000,14.700000
06/08/2004,14.940000,15.170000,13.750000,13.750000
06/09/2004,14.660000,14.820000,14.260000,14.760000
06/10/2004,14.760000,14.870000,13.830000,13.830000
06/14/2004,15.620000,16.330000,15.480000,16.150000
06/15/2004,15.340000,15.640000,14.610000,15.000000
06/16/2004,15.280000,15.350000,14.480000,14.660000
06/17/2004,15.080000,15.970000,14.870000,15.040000
06/18/2004,15.290000,15.420000,14.440000,14.750000
06/21/2004,15.110000,15.240000,14.420000,14.630000
06/22/2004,15.160000,15.540000,14.020000,14.100000
06/23/2004,13.900000,14.560000,13.370000,13.630000
06/24/2004,14.170000,14.640000,13.950000,14.390000
06/25/2004,14.780000,15.130000,14.370000,14.890000
06/28/2004,15.030000,15.860000,14.650000,15.600000
06/29/2004,16.450000,16.450000,15.370000,15.370000
06/30/2004,15.520000,15.970000,13.810000,13.990000
07/01/2004,14.480000,15.990000,14.400000,15.080000
07/02/2004,15.670000,15.820000,14.840000,15.090000
07/06/2004,16.290000,16.940000,15.550000,16.170000
07/07/2004,16.370000,16.370000,14.500000,15.750000
07/08/2004,15.670000,16.290000,15.370000,16.050000
07/09/2004,15.700000,16.110000,15.400000,15.490000
07/12/2004,16.500000,17.130000,15.800000,16.070000
07/13/2004,15.850000,16.200000,15.330000,15.680000
07/14/2004,16.020000,16.160000,14.430000,15.020000
07/15/2004,15.410000,15.740000,14.960000,15.730000
07/16/2004,15.100000,15.370000,14.540000,15.350000
07/19/2004,15.230000,15.940000,14.720000,14.950000
07/20/2004,15.400000,15.850000,14.450000,14.580000
07/21/2004,14.450000,16.140000,14.150000,16.140000
07/22/2004,16.800000,17.860000,15.410000,15.820000
07/23/2004,16.350000,17.180000,16.290000,16.630000
07/26/2004,17.330000,17.850000,16.880000,17.000000
07/27/2004,17.140000,17.140000,15.700000,15.700000
07/28/2004,16.290000,17.560000,15.390000,15.880000
07/29/2004,16.120000,16.240000,15.220000,15.460000
07/30/2004,16.040000,16.310000,15.340000,15.400000
08/02/2004,16.030000,16.160000,14.580000,14.620000
08/03/2004,15.190000,15.440000,14.800000,15.210000
08/04/2004,16.070000,16.410000,15.170000,15.780000
08/05/2004,15.930000,18.200000,15.840000,18.120000
08/06/2004,19.430000,20.720000,19.280000,20.240000
08/09/2004,19.470000,19.760000,18.060000,18.460000
08/10/2004,18.340000,18.500000,16.900000,16.900000
08/11/2004,18.190000,18.500000,17.300000,17.530000
08/12/2004,18.170000,19.530000,18.130000,19.160000
08/13/2004,19.560000,20.030000,18.680000,18.770000
08/16/2004,18.920000,18.980000,17.390000,17.560000
08/17/2004,17.410000,17.660000,16.980000,17.190000
08/18/2004,17.700000,17.800000,16.270000,16.480000
08/19/2004,16.760000,17.640000,16.560000,17.270000
08/20/2004,17.270000,17.420000,16.030000,16.300000
08/23/2004,16.620000,16.920000,15.400000,15.860000
08/24/2004,15.500000,15.870000,14.910000,15.210000
08/25/2004,15.700000,15.730000,14.420000,14.630000
08/26/2004,15.120000,15.230000,14.560000,14.870000
08/27/2004,15.060000,15.220000,14.570000,14.790000
08/30/2004,14.990000,15.280000,14.710000,15.110000
08/31/2004,15.100000,16.090000,14.920000,14.980000
09/01/2004,15.590000,15.620000,14.570000,14.980000
09/02/2004,15.240000,15.260000,14.200000,14.370000
09/03/2004,14.320000,14.540000,13.900000,13.910000
09/07/2004,14.170000,14.540000,13.550000,13.580000
09/08/2004,14.050000,14.110000,13.580000,13.700000
09/09/2004,14.080000,14.390000,13.340000,13.750000
09/10/2004,14.430000,14.430000,13.190000,13.490000
09/13/2004,13.920000,14.000000,13.120000,13.400000
09/14/2004,13.690000,14.010000,13.290000,13.550000
09/15/2004,13.870000,14.790000,13.780000,14.770000
09/16/2004,14.630000,14.760000,14.150000,14.440000
09/17/2004,14.320000,14.920000,13.550000,13.550000
09/20/2004,14.300000,14.690000,13.780000,13.780000
09/21/2004,14.140000,14.150000,12.660000,12.860000
09/22/2004,13.930000,14.960000,13.800000,14.570000
09/23/2004,15.160000,15.470000,14.620000,14.870000
09/24/2004,15.150000,15.150000,13.940000,14.140000
09/27/2004,14.610000,14.760000,14.070000,14.300000
09/28/2004,14.110000,14.680000,13.050000,13.230000
09/29/2004,13.540000,13.810000,12.550000,12.810000
09/30/2004,13.420000,13.680000,13.100000,13.440000
10/01/2004,12.890000,13.060000,12.430000,12.550000
10/04/2004,12.670000,13.230000,12.600000,13.110000
10/05/2004,13.360000,13.920000,13.200000,13.270000
10/06/2004,14.170000,14.180000,12.910000,13.000000
10/07/2004,13.630000,14.590000,13.370000,14.560000
10/08/2004,14.340000,15.500000,13.570000,14.950000
10/11/2004,15.360000,15.540000,14.700000,14.990000
10/12/2004,15.930000,16.100000,14.870000,15.170000
10/13/2004,15.350000,16.700000,14.990000,16.250000
10/14/2004,16.110000,17.800000,15.780000,17.130000
10/15/2004,16.720000,17.530000,15.460000,15.890000
10/18/2004,16.090000,16.270000,14.690000,14.690000
10/19/2004,14.900000,15.640000,14.460000,15.630000
10/20/2004,15.800000,16.250000,15.050000,15.100000
10/21/2004,15.680000,15.970000,14.860000,14.990000
10/22/2004,15.100000,16.110000,14.850000,16.090000
10/25/2004,16.620000,17.340000,16.400000,16.870000
10/26/2004,16.950000,17.280000,16.120000,16.480000
10/27/2004,17.280000,17.390000,15.970000,16.130000
10/28/2004,16.570000,16.640000,15.370000,15.460000
10/29/2004,15.820000,16.690000,15.620000,16.570000
11/01/2004,16.710000,17.070000,16.270000,16.310000
11/02/2004,16.570000,17.020000,15.560000,16.850000
11/03/2004,15.160000,15.340000,14.010000,14.180000
11/04/2004,14.260000,14.350000,13.050000,14.210000
11/05/2004,14.310000,14.460000,13.790000,14.360000
11/08/2004,14.570000,14.920000,13.770000,13.920000
11/09/2004,14.050000,14.180000,13.490000,13.640000
11/10/2004,13.730000,14.080000,13.180000,13.630000
11/11/2004,13.650000,13.650000,12.800000,13.320000
11/12/2004,13.940000,14.330000,13.560000,14.050000
11/15/2004,14.420000,14.800000,14.000000,14.210000
11/16/2004,14.660000,14.690000,13.790000,14.000000
11/17/2004,13.730000,14.020000,13.570000,13.640000
11/18/2004,14.200000,14.520000,13.870000,13.950000
11/19/2004,14.140000,14.850000,13.780000,14.600000
11/22/2004,14.030000,14.280000,13.480000,13.580000
11/23/2004,13.280000,13.710000,12.810000,13.080000
11/24/2004,13.110000,13.480000,12.820000,12.970000
11/26/2004,13.400000,13.560000,13.220000,13.550000
11/29/2004,13.390000,14.030000,13.340000,13.460000
11/30/2004,13.960000,14.170000,13.530000,13.540000
12/01/2004,13.770000,13.850000,13.260000,13.460000
12/02/2004,14.130000,14.210000,13.580000,13.910000
12/03/2004,13.760000,14.220000,13.380000,13.610000
12/06/2004,13.900000,14.290000,13.370000,13.570000
12/07/2004,13.760000,14.410000,13.590000,14.180000
12/08/2004,14.480000,14.550000,13.650000,13.720000
12/09/2004,14.340000,14.590000,13.230000,13.230000
12/10/2004,13.830000,13.830000,13.080000,13.200000
12/13/2004,13.350000,13.770000,12.800000,13.550000
12/14/2004,13.640000,14.070000,13.290000,13.450000
12/15/2004,13.750000,14.140000,13.000000,13.160000
12/16/2004,13.370000,13.720000,12.570000,13.010000
12/17/2004,13.380000,13.640000,11.460000,12.710000
12/20/2004,12.610000,13.630000,12.280000,13.610000
12/21/2004,12.080000,12.230000,11.350000,11.520000
12/22/2004,12.180000,12.180000,11.580000,11.810000
12/23/2004,12.060000,12.060000,11.210000,11.230000
12/27/2004,11.990000,12.340000,11.530000,12.160000
12/28/2004,12.320000,12.470000,12.120000,12.310000
12/29/2004,12.600000,12.840000,12.460000,12.470000
12/30/2004,12.740000,12.960000,12.670000,12.860000
12/31/2004,13.170000,13.690000,13.060000,13.580000
01/03/2005,13.480000,14.290000,13.460000,14.200000
01/04/2005,13.930000,14.960000,13.890000,14.130000
01/05/2005,14.370000,14.370000,13.490000,13.970000
01/06/2005,14.500000,14.690000,13.890000,14.170000
01/07/2005,14.160000,14.240000,13.580000,13.850000
01/10/2005,14.100000,14.220000,12.990000,13.170000
01/11/2005,13.770000,13.920000,12.900000,13.030000
01/12/2005,13.530000,13.780000,12.770000,12.790000
01/13/2005,13.340000,13.420000,12.590000,13.070000
01/14/2005,13.140000,13.280000,12.620000,12.850000
01/18/2005,13.480000,13.660000,12.560000,12.670000
01/19/2005,13.180000,13.790000,12.770000,13.740000
01/20/2005,14.140000,14.520000,13.800000,14.340000
01/21/2005,14.150000,14.550000,13.430000,14.550000
01/24/2005,14.630000,14.660000,13.880000,14.530000
01/25/2005,14.020000,14.230000,13.410000,13.630000
01/26/2005,13.440000,13.600000,12.190000,13.070000
01/27/2005,13.230000,13.340000,12.760000,12.780000
01/28/2005,12.970000,13.580000,12.600000,13.330000
01/31/2005,12.690000,12.970000,12.300000,12.370000
02/01/2005,12.640000,12.770000,11.600000,11.620000
02/02/2005,12.000000,12.050000,11.220000,11.380000
02/03/2005,11.850000,12.240000,11.710000,11.780000
02/04/2005,12.040000,12.040000,10.750000,10.920000
02/07/2005,11.240000,11.480000,11.100000,11.210000
02/08/2005,11.570000,11.570000,11.080000,11.220000
02/09/2005,11.450000,12.140000,11.420000,12.120000
02/10/2005,12.050000,12.280000,11.380000,11.540000
02/11/2005,11.730000,11.870000,11.060000,11.330000
02/14/2005,11.750000,11.860000,11.430000,11.590000
02/15/2005,11.690000,11.690000,11.140000,11.400000
02/16/2005,11.740000,11.830000,11.100000,11.310000
02/17/2005,11.290000,12.040000,11.180000,11.680000
02/18/2005,12.060000,12.070000,10.900000,11.050000
02/22/2005,12.010000,12.920000,11.510000,12.830000
02/23/2005,12.740000,12.790000,11.900000,12.280000
02/24/2005,12.190000,12.450000,11.170000,11.300000
02/25/2005,11.370000,11.400000,10.860000,11.270000
02/28/2005,11.790000,12.360000,11.540000,11.860000
03/01/2005,11.770000,12.160000,11.630000,11.780000
03/02/2005,12.600000,12.780000,12.170000,12.590000
03/03/2005,12.650000,13.240000,12.390000,12.560000
03/04/2005,12.430000,12.500000,11.960000,12.050000
03/07/2005,12.060000,12.130000,11.600000,11.640000
03/08/2005,11.980000,12.250000,11.750000,11.950000
03/09/2005,12.320000,12.790000,11.980000,12.590000
03/10/2005,12.890000,13.030000,12.440000,12.530000
03/11/2005,12.600000,13.160000,12.400000,12.960000
03/14/2005,13.090000,13.390000,12.590000,12.620000
03/15/2005,12.680000,13.110000,12.310000,12.850000
03/16/2005,13.740000,14.230000,13.400000,13.850000
03/17/2005,13.580000,13.920000,13.150000,13.510000
03/18/2005,13.490000,13.880000,12.840000,12.900000
03/21/2005,13.190000,13.700000,12.770000,12.970000
03/22/2005,12.980000,13.970000,11.870000,13.750000
03/23/2005,13.880000,14.130000,13.230000,13.390000
03/24/2005,13.140000,13.190000,12.280000,12.880000
03/28/2005,13.090000,13.150000,12.740000,13.150000
03/29/2005,13.240000,14.060000,12.880000,13.930000
03/30/2005,13.950000,14.140000,13.090000,13.300000
03/31/2005,13.380000,13.840000,13.300000,13.620000
04/01/2005,13.180000,14.490000,13.030000,13.970000
04/04/2005,14.190000,14.540000,13.360000,13.490000
04/05/2005,13.440000,13.550000,13.160000,13.290000
04/06/2005,12.950000,13.140000,12.580000,12.620000
04/07/2005,13.040000,13.080000,12.110000,12.230000
04/08/2005,12.170000,12.500000,11.950000,12.100000
04/11/2005,12.780000,13.090000,12.440000,12.590000
04/12/2005,12.720000,13.180000,11.450000,11.640000
04/13/2005,11.960000,13.160000,11.690000,12.990000
04/14/2005,13.140000,14.450000,12.860000,14.280000
04/15/2005,15.530000,16.650000,14.600000,16.650000
04/18/2005,17.330000,17.660000,15.950000,16.120000
04/19/2005,15.310000,15.450000,14.370000,14.430000
04/20/2005,15.140000,16.850000,14.090000,16.830000
04/21/2005,15.230000,15.680000,13.330000,13.630000
04/22/2005,14.260000,15.960000,13.640000,14.650000
04/25/2005,14.270000,14.350000,13.650000,13.790000
04/26/2005,14.170000,14.510000,13.430000,14.260000
04/27/2005,15.250000,15.490000,13.590000,13.900000
04/28/2005,14.880000,16.660000,14.410000,16.560000
04/29/2005,15.610000,17.270000,15.120000,15.180000
05/02/2005,14.870000,15.240000,14.230000,14.440000
05/03/2005,14.850000,15.100000,14.580000,14.620000
05/04/2005,14.190000,14.560000,12.810000,13.130000
05/05/2005,13.140000,14.070000,12.760000,13.340000
05/06/2005,12.860000,13.540000,12.740000,13.300000
05/09/2005,13.380000,13.750000,12.610000,12.610000
05/10/2005,13.640000,14.750000,13.540000,14.170000
05/11/2005,14.540000,15.670000,13.640000,13.780000
05/12/2005,14.210000,15.900000,13.990000,15.740000
05/13/2005,16.220000,17.580000,15.310000,16.710000
05/16/2005,16.680000,16.740000,14.730000,14.760000
05/17/2005,15.510000,15.960000,13.820000,13.830000
05/18/2005,13.500000,13.890000,12.440000,12.910000
05/19/2005,12.830000,13.000000,12.340000,12.340000
05/20/2005,12.740000,12.910000,11.970000,12.160000
05/23/2005,11.170000,12.340000,11.060000,11.440000
05/24/2005,11.860000,12.080000,11.140000,11.220000
05/25/2005,11.920000,12.140000,11.360000,11.490000
05/26/2005,11.360000,11.470000,10.680000,11.010000
05/27/2005,11.410000,11.660000,11.140000,11.260000
05/31/2005,12.500000,12.800000,11.860000,12.500000
06/01/2005,12.460000,12.570000,11.070000,11.380000
06/02/2005,11.850000,11.990000,11.290000,11.350000
06/03/2005,11.470000,12.180000,11.290000,11.560000
06/06/2005,12.040000,12.040000,11.290000,11.480000
06/07/2005,11.300000,11.750000,10.750000,11.700000
06/08/2005,11.910000,12.620000,11.670000,12.410000
06/09/2005,12.700000,13.030000,11.840000,11.890000
06/10/2005,11.870000,12.470000,11.530000,11.620000
06/13/2005,11.820000,11.950000,10.990000,11.500000
06/14/2005,11.360000,11.720000,10.970000,11.120000
06/15/2005,11.260000,11.740000,10.740000,10.740000
06/16/2005,10.840000,11.050000,10.480000,10.840000
06/17/2005,10.760000,11.170000,10.380000,10.970000
06/20/2005,11.340000,11.540000,10.370000,10.530000
06/21/2005,10.790000,10.820000,10.080000,10.160000
06/22/2005,10.190000,10.790000,10.180000,10.350000
06/23/2005,10.650000,11.560000,10.300000,11.560000
06/24/2005,11.970000,12.070000,11.400000,11.770000
06/27/2005,11.690000,12.020000,11.340000,11.500000
06/28/2005,11.420000,11.520000,10.630000,10.710000
06/29/2005,10.700000,11.000000,10.580000,10.830000
06/30/2005,11.210000,11.410000,10.940000,11.350000
07/01/2005,11.170000,11.200000,10.630000,10.630000
07/05/2005,11.830000,11.830000,10.670000,10.930000
07/06/2005,11.180000,11.890000,11.010000,11.710000
07/07/2005,12.920000,13.320000,11.910000,11.920000
07/08/2005,11.910000,11.970000,10.660000,10.820000
07/11/2005,10.450000,10.950000,10.240000,10.670000
07/12/2005,11.020000,11.280000,10.650000,10.820000
07/13/2005,11.260000,11.420000,10.600000,10.800000
07/14/2005,10.300000,11.090000,10.180000,10.750000
07/15/2005,10.480000,10.750000,9.800000,10.040000
07/18/2005,10.380000,10.690000,10.010000,10.070000
07/19/2005,10.070000,10.240000,9.560000,9.730000
07/20/2005,10.130000,10.490000,9.120000,9.470000
07/21/2005,10.150000,10.830000,9.890000,10.570000
07/22/2005,10.570000,10.730000,10.040000,10.160000
07/25/2005,10.190000,10.660000,9.940000,10.430000
07/26/2005,10.590000,10.630000,9.920000,9.960000
07/27/2005,10.010000,10.370000,9.490000,9.490000
07/28/2005,9.610000,10.100000,9.540000,9.740000
07/29/2005,10.260000,11.070000,9.970000,11.070000
08/01/2005,11.110000,11.520000,10.810000,11.310000
08/02/2005,11.070000,11.250000,10.700000,10.740000
08/03/2005,11.110000,11.230000,10.750000,10.920000
08/04/2005,11.630000,11.840000,11.420000,11.590000
08/05/2005,11.880000,12.260000,11.670000,11.700000
08/08/2005,11.830000,12.240000,11.170000,11.890000
08/09/2005,11.740000,11.820000,11.130000,11.350000
08/10/2005,11.110000,12.140000,10.550000,11.860000
08/11/2005,11.750000,12.070000,11.290000,11.470000
08/12/2005,11.960000,12.590000,11.670000,12.070000
08/15/2005,12.300000,12.670000,11.640000,11.900000
08/16/2005,12.060000,12.960000,11.910000,12.960000
08/17/2005,12.900000,12.930000,12.030000,12.390000
08/18/2005,12.950000,13.190000,12.310000,12.790000
08/19/2005,12.630000,12.670000,11.870000,12.500000
08/22/2005,12.000000,12.670000,11.710000,12.000000
08/23/2005,12.230000,13.030000,11.920000,12.080000
08/24/2005,12.640000,13.150000,11.580000,12.950000
08/25/2005,13.050000,13.320000,12.580000,12.610000
08/26/2005,12.990000,13.440000,10.920000,12.550000
08/29/2005,13.070000,13.120000,11.720000,11.950000
08/30/2005,12.660000,13.280000,12.200000,12.300000
08/31/2005,12.430000,13.000000,11.770000,11.780000
09/01/2005,12.220000,12.840000,11.760000,12.610000
09/02/2005,12.500000,12.960000,12.270000,12.950000
09/06/2005,12.790000,13.030000,11.940000,12.020000
09/07/2005,12.400000,12.530000,11.250000,11.300000
09/08/2005,11.850000,12.140000,11.570000,11.710000
09/09/2005,11.730000,11.820000,10.930000,10.980000
09/12/2005,11.210000,11.590000,11.040000,11.240000
09/13/2005,11.660000,12.340000,11.500000,11.960000
09/14/2005,12.400000,12.680000,11.890000,12.130000
09/15/2005,11.980000,12.350000,11.720000,11.990000
09/16/2005,11.600000,11.980000,10.640000,10.840000
09/19/2005,11.060000,11.710000,10.950000,11.130000
09/20/2005,11.330000,12.360000,10.880000,12.010000
09/21/2005,13.050000,13.370000,12.520000,13.170000
09/22/2005,13.940000,14.160000,12.770000,12.780000
09/23/2005,13.680000,13.680000,12.360000,12.630000
09/26/2005,12.310000,12.900000,11.810000,12.100000
09/27/2005,12.580000,12.990000,12.080000,12.190000
09/28/2005,12.170000,12.800000,11.790000,12.090000
09/29/2005,12.680000,13.110000,11.570000,11.620000
09/30/2005,12.280000,12.350000,11.600000,11.690000
10/03/2005,11.550000,12.190000,11.410000,11.630000
10/04/2005,12.130000,12.870000,11.550000,12.560000
10/05/2005,13.000000,14.730000,12.960000,14.690000
10/06/2005,14.750000,15.980000,14.330000,15.280000
10/07/2005,14.800000,15.510000,14.790000,15.040000
10/10/2005,15.230000,15.950000,14.870000,15.650000
10/11/2005,15.050000,15.650000,14.890000,15.460000
10/12/2005,15.840000,16.280000,15.100000,15.480000
10/13/2005,16.390000,16.940000,15.740000,16.060000
10/14/2005,15.860000,16.460000,14.470000,14.600000
10/17/2005,14.690000,14.950000,14.120000,14.170000
10/18/2005,14.870000,15.320000,14.390000,14.960000
10/19/2005,15.720000,16.050000,13.700000,13.800000
10/20/2005,14.090000,15.980000,13.960000,15.980000
10/21/2005,15.760000,16.590000,15.330000,15.870000
10/24/2005,14.670000,15.320000,13.490000,13.740000
10/25/2005,14.060000,14.720000,13.500000,13.710000
10/26/2005,14.010000,14.560000,13.320000,14.190000
10/27/2005,14.380000,16.000000,14.380000,15.910000
10/28/2005,15.250000,15.920000,13.770000,13.800000
10/31/2005,13.430000,13.690000,13.250000,13.650000
11/01/2005,14.460000,14.550000,13.880000,14.070000
11/02/2005,14.040000,14.050000,12.700000,12.820000
11/03/2005,12.500000,12.710000,11.750000,12.370000
11/04/2005,12.500000,13.210000,12.270000,12.510000
11/07/2005,12.640000,13.080000,11.930000,12.020000
11/08/2005,12.660000,12.810000,12.220000,12.450000
11/09/2005,12.780000,12.930000,11.700000,12.140000
11/10/2005,12.530000,12.770000,11.200000,11.360000
11/11/2005,11.540000,11.730000,10.970000,11.150000
11/14/2005,11.760000,11.940000,11.400000,11.600000
11/15/2005,11.830000,12.340000,11.340000,12.080000
11/16/2005,12.330000,12.400000,11.740000,11.820000
11/17/2005,11.410000,11.780000,10.880000,11.000000
11/18/2005,10.900000,11.180000,10.380000,10.550000
11/21/2005,10.590000,10.820000,9.810000,9.970000
11/22/2005,10.280000,10.520000,9.760000,10.030000
11/23/2005,10.350000,10.680000,10.080000,10.560000
11/25/2005,10.870000,11.170000,10.540000,10.700000
11/28/2005,11.220000,11.630000,11.110000,11.420000
11/29/2005,11.350000,11.670000,10.990000,11.330000
11/30/2005,11.360000,11.820000,11.120000,11.780000
12/01/2005,11.350000,11.530000,10.890000,11.120000
12/02/2005,11.090000,11.250000,10.570000,10.670000
12/05/2005,11.110000,11.300000,10.910000,10.940000
12/06/2005,10.920000,11.270000,10.610000,11.220000
12/07/2005,11.380000,12.350000,11.260000,11.840000
12/08/2005,12.290000,12.560000,11.570000,12.020000
12/09/2005,12.200000,12.500000,11.410000,11.490000
12/12/2005,11.060000,11.820000,10.970000,11.030000
12/13/2005,11.640000,11.640000,10.250000,10.560000
12/14/2005,10.470000,10.960000,10.340000,10.950000
12/15/2005,10.750000,11.100000,10.340000,10.340000
12/16/2005,10.240000,10.570000,9.900000,10.240000
12/19/2005,10.490000,10.980000,10.080000,10.660000
12/20/2005,10.600000,11.250000,10.410000,10.620000
12/21/2005,10.620000,10.660000,9.900000,10.380000
12/22/2005,10.650000,10.780000,9.840000,9.950000
12/23/2005,10.310000,10.500000,9.840000,9.870000
12/27/2005,10.400000,11.580000,10.260000,11.300000
12/28/2005,11.410000,11.560000,11.020000,11.120000
12/29/2005,11.330000,11.530000,10.950000,11.310000
12/30/2005,11.710000,12.110000,11.350000,11.770000
01/03/2006,11.740000,12.310000,10.560000,10.840000
01/04/2006,11.120000,11.680000,10.900000,11.370000
01/05/2006,11.620000,11.860000,11.320000,11.630000
01/06/2006,11.660000,11.730000,10.820000,10.990000
01/09/2006,11.200000,11.290000,10.720000,10.740000
01/10/2006,11.080000,11.430000,10.730000,10.730000
01/11/2006,10.940000,11.340000,10.530000,10.660000
01/12/2006,11.070000,11.450000,10.820000,11.200000
01/13/2006,11.420000,11.560000,11.040000,11.070000
01/17/2006,12.140000,12.580000,11.960000,12.060000
01/18/2006,12.820000,12.910000,12.140000,12.320000
01/19/2006,12.060000,12.430000,11.470000,11.720000
01/20/2006,11.910000,14.090000,11.720000,14.090000
01/23/2006,13.890000,14.280000,12.890000,13.060000
01/24/2006,13.050000,13.160000,12.230000,12.610000
01/25/2006,12.310000,12.950000,11.830000,12.310000
01/26/2006,12.300000,12.470000,11.560000,11.700000
01/27/2006,11.670000,11.810000,10.980000,11.400000
01/30/2006,11.560000,11.690000,11.410000,11.540000
01/31/2006,12.020000,12.590000,12.000000,12.190000
02/01/2006,12.530000,12.630000,11.890000,11.990000
02/02/2006,12.370000,13.400000,12.310000,13.070000
02/03/2006,13.640000,13.830000,12.480000,12.890000
02/06/2006,12.700000,12.890000,12.110000,12.330000
02/07/2006,12.600000,13.520000,12.600000,13.060000
02/08/2006,13.190000,13.480000,12.380000,12.410000
02/09/2006,12.360000,12.630000,11.830000,12.360000
02/10/2006,12.820000,13.710000,12.140000,12.210000
02/13/2006,12.940000,13.710000,12.690000,13.100000
02/14/2006,13.300000,13.490000,11.820000,12.110000
02/15/2006,12.300000,12.680000,11.660000,11.820000
02/16/2006,11.790000,12.000000,10.790000,10.970000
02/17/2006,10.980000,11.450000,10.580000,10.970000
02/21/2006,11.290000,11.930000,11.190000,11.390000
02/22/2006,11.380000,11.530000,10.720000,10.790000
02/23/2006,11.300000,11.390000,10.590000,11.070000
02/24/2006,11.130000,11.220000,10.590000,10.620000
02/27/2006,10.680000,10.850000,10.360000,10.480000
02/28/2006,11.060000,12.050000,10.990000,11.840000
03/01/2006,11.500000,11.880000,10.770000,10.770000
03/02/2006,11.350000,11.800000,11.170000,11.440000
03/03/2006,12.060000,12.150000,11.050000,11.560000
03/06/2006,11.830000,12.740000,11.650000,12.170000
03/07/2006,12.920000,13.100000,12.320000,12.400000
03/08/2006,12.850000,12.940000,11.790000,11.940000
03/09/2006,11.980000,12.440000,11.840000,12.270000
03/10/2006,12.680000,12.680000,11.600000,11.660000
03/13/2006,11.300000,11.770000,11.050000,11.600000
03/14/2006,10.820000,11.290000,10.740000,11.190000
03/15/2006,11.160000,11.360000,10.830000,11.090000
03/16/2006,11.280000,11.540000,10.840000,11.420000
03/17/2006,11.500000,11.570000,10.860000,11.190000
03/20/2006,11.330000,11.700000,10.940000,11.040000
03/21/2006,11.170000,11.300000,10.550000,10.800000
03/22/2006,10.930000,10.930000,10.150000,10.310000
03/23/2006,10.560000,10.970000,10.390000,10.480000
03/24/2006,10.760000,10.870000,10.430000,10.430000
03/27/2006,10.730000,10.910000,10.320000,10.520000
03/28/2006,10.860000,11.140000,10.560000,10.920000
03/29/2006,10.880000,10.950000,10.100000,10.190000
03/30/2006,10.350000,11.200000,10.210000,10.880000
03/31/2006,10.880000,11.290000,10.880000,11.120000
04/03/2006,10.950000,11.010000,10.530000,10.930000
04/04/2006,11.170000,11.330000,10.540000,10.700000
04/05/2006,10.930000,11.050000,10.560000,10.600000
04/06/2006,11.020000,11.620000,10.890000,11.040000
04/07/2006,10.960000,12.070000,10.960000,12.010000
04/10/2006,12.170000,12.270000,11.580000,11.670000
04/11/2006,11.830000,12.900000,11.830000,12.600000
04/12/2006,12.720000,12.730000,12.000000,12.070000
04/13/2006,12.580000,12.740000,11.760000,11.820000
04/17/2006,12.670000,12.860000,12.050000,12.440000
04/18/2006,12.120000,12.380000,10.870000,11.040000
04/19/2006,11.150000,11.510000,10.610000,10.660000
04/20/2006,10.860000,11.020000,10.260000,10.710000
04/21/2006,10.670000,11.000000,10.060000,10.770000
04/24/2006,11.340000,11.450000,10.360000,10.430000
04/25/2006,10.610000,11.270000,10.460000,10.520000
04/26/2006,10.480000,10.830000,10.170000,10.540000
04/27/2006,11.520000,11.660000,10.440000,10.770000
04/28/2006,11.230000,11.230000,10.570000,10.790000
05/01/2006,10.870000,11.800000,10.680000,11.640000
05/02/2006,11.290000,11.630000,11.040000,11.130000
05/03/2006,11.490000,11.960000,11.240000,11.450000
05/04/2006,11.240000,11.460000,11.010000,11.190000
05/05/2006,10.850000,11.180000,10.620000,11.050000
05/08/2006,11.300000,11.400000,10.870000,11.020000
05/09/2006,11.390000,11.560000,11.110000,11.330000
05/10/2006,11.620000,12.030000,11.350000,11.400000
05/11/2006,11.450000,12.590000,11.450000,12.200000
05/12/2006,12.780000,13.580000,12.450000,13.520000
05/15/2006,13.940000,14.320000,12.710000,12.870000
05/16/2006,12.970000,13.120000,12.050000,12.340000
05/17/2006,13.660000,15.510000,13.260000,14.980000
05/18/2006,14.830000,15.960000,14.660000,15.820000
05/19/2006,16.150000,17.320000,15.040000,15.580000
05/22/2006,16.660000,17.990000,15.450000,16.070000
05/23/2006,14.710000,16.000000,13.660000,15.920000
05/24/2006,17.350000,19.000000,16.010000,16.560000
05/25/2006,15.010000,15.210000,13.990000,14.150000
05/26/2006,13.590000,14.030000,12.900000,13.080000
05/30/2006,14.660000,18.000000,14.660000,17.850000
05/31/2006,17.000000,17.000000,15.540000,15.590000
06/01/2006,15.760000,15.760000,13.050000,13.340000
06/02/2006,13.400000,14.450000,12.790000,13.160000
06/05/2006,13.940000,16.490000,13.710000,16.350000
06/06/2006,16.710000,18.300000,16.530000,16.600000
06/07/2006,16.970000,17.090000,15.080000,17.050000
06/08/2006,17.220000,20.680000,17.080000,17.440000
06/09/2006,17.830000,18.200000,16.650000,17.480000
06/12/2006,17.460000,19.710000,17.350000,19.690000
06/13/2006,19.750000,22.450000,19.210000,22.250000
06/14/2006,22.110000,22.180000,20.500000,20.570000
06/15/2006,18.880000,18.910000,14.420000,14.790000
06/16/2006,15.320000,17.170000,14.740000,14.920000
06/19/2006,14.890000,16.580000,14.870000,15.760000
06/20/2006,15.780000,15.990000,14.680000,15.520000
06/21/2006,14.740000,14.760000,13.170000,14.230000
06/22/2006,14.600000,15.580000,14.490000,15.100000
06/23/2006,15.500000,15.550000,14.430000,14.940000
06/26/2006,15.450000,15.640000,14.330000,14.330000
06/27/2006,14.180000,15.850000,14.180000,15.750000
06/28/2006,15.770000,16.280000,15.490000,15.620000
06/29/2006,14.880000,14.880000,12.280000,12.280000
06/30/2006,12.150000,12.860000,11.840000,12.440000
07/03/2006,12.200000,12.340000,11.330000,11.590000
07/05/2006,13.100000,13.920000,12.940000,13.250000
07/06/2006,13.030000,13.140000,12.470000,12.710000
07/07/2006,13.360000,14.000000,12.950000,13.480000
07/10/2006,13.270000,13.980000,12.890000,13.240000
07/11/2006,13.610000,14.190000,12.600000,12.760000
07/12/2006,12.720000,14.400000,12.680000,14.110000
07/13/2006,15.200000,18.250000,15.200000,17.920000
07/14/2006,18.180000,19.310000,17.820000,18.000000
07/17/2006,17.460000,17.930000,17.330000,17.570000
07/18/2006,17.550000,18.810000,17.170000,17.240000
07/19/2006,16.170000,16.280000,13.670000,14.170000
07/20/2006,14.480000,15.760000,14.030000,15.540000
07/21/2006,15.560000,16.550000,15.510000,16.550000
07/24/2006,15.730000,15.930000,13.410000,14.070000
07/25/2006,14.580000,14.950000,12.820000,13.320000
07/26/2006,14.130000,14.530000,12.970000,13.270000
07/27/2006,13.200000,14.750000,13.200000,14.440000
07/28/2006,13.580000,14.270000,13.010000,13.440000
07/31/2006,13.910000,14.130000,13.430000,13.770000
08/01/2006,13.910000,15.120000,13.430000,14.120000
08/02/2006,13.530000,14.010000,12.790000,13.680000
08/03/2006,14.790000,14.820000,13.530000,14.010000
08/04/2006,13.420000,14.680000,13.420000,14.000000
08/07/2006,14.590000,14.930000,14.210000,14.400000
08/08/2006,14.860000,15.320000,14.200000,14.570000
08/09/2006,14.090000,14.890000,13.330000,14.750000
08/10/2006,15.440000,15.530000,13.980000,14.010000
08/11/2006,14.560000,14.750000,14.130000,14.250000
08/14/2006,13.520000,14.030000,12.670000,13.740000
08/15/2006,13.120000,13.700000,12.550000,12.620000
08/16/2006,12.780000,12.920000,11.780000,12.080000
08/17/2006,12.260000,12.400000,11.540000,11.570000
08/18/2006,11.780000,12.160000,10.740000,11.000000
08/21/2006,11.760000,11.760000,10.910000,11.050000
08/22/2006,11.390000,11.520000,10.780000,11.040000
08/23/2006,11.320000,11.750000,11.120000,11.260000
08/24/2006,11.270000,11.710000,11.100000,11.300000
08/25/2006,11.390000,11.670000,11.120000,11.290000
08/28/2006,11.580000,11.580000,10.620000,10.930000
08/29/2006,11.230000,11.860000,10.750000,10.890000
08/30/2006,11.390000,11.400000,10.920000,11.020000
08/31/2006,11.300000,11.430000,11.040000,11.310000
09/01/2006,11.210000,11.560000,10.820000,11.020000
09/05/2006,11.540000,11.750000,11.230000,11.240000
09/06/2006,12.090000,12.720000,12.090000,12.670000
09/07/2006,13.110000,13.620000,12.450000,12.860000
09/08/2006,12.850000,12.940000,11.990000,12.000000
09/11/2006,12.980000,13.460000,10.340000,12.550000
09/12/2006,12.590000,12.690000,10.960000,11.160000
09/13/2006,11.660000,11.810000,10.760000,10.900000
09/14/2006,11.290000,11.710000,11.010000,11.520000
09/15/2006,11.500000,11.500000,10.700000,11.010000
09/18/2006,11.150000,11.410000,10.490000,10.640000
09/19/2006,11.060000,11.880000,10.760000,10.850000
09/20/2006,10.670000,10.810000,10.190000,10.520000
09/21/2006,10.840000,11.960000,10.490000,11.960000
09/22/2006,12.290000,13.000000,12.010000,12.200000
09/25/2006,12.060000,12.550000,10.950000,11.110000
09/26/2006,11.230000,11.310000,10.290000,10.290000
09/27/2006,10.660000,11.140000,10.500000,11.040000
09/28/2006,10.980000,11.550000,10.920000,11.050000
09/29/2006,11.250000,11.610000,11.190000,11.350000
10/02/2006,11.480000,11.660000,11.140000,11.380000
10/03/2006,11.890000,11.890000,10.900000,11.250000
10/04/2006,11.550000,11.780000,10.630000,11.070000
10/05/2006,11.650000,11.840000,11.280000,11.400000
10/06/2006,11.900000,12.060000,11.170000,11.170000
10/09/2006,11.510000,11.620000,10.720000,10.810000
10/10/2006,11.240000,11.480000,10.860000,10.860000
10/11/2006,11.390000,11.650000,10.700000,11.080000
10/12/2006,11.080000,11.240000,10.620000,10.880000
10/13/2006,11.010000,11.120000,10.190000,10.260000
10/16/2006,10.610000,10.840000,10.200000,10.420000
10/17/2006,11.380000,11.950000,10.900000,11.120000
10/18/2006,10.970000,11.710000,10.970000,11.260000
10/19/2006,11.370000,11.370000,10.530000,10.570000
10/20/2006,10.740000,11.040000,10.390000,10.460000
10/23/2006,10.590000,10.770000,10.050000,10.540000
10/24/2006,10.860000,11.020000,10.630000,10.690000
10/25/2006,10.600000,11.000000,10.120000,10.430000
10/26/2006,10.640000,10.930000,10.140000,10.350000
10/27/2006,10.700000,11.160000,10.360000,10.730000
10/30/2006,10.980000,11.170000,10.400000,10.650000
10/31/2006,10.930000,11.040000,10.330000,10.410000
11/01/2006,10.460000,11.230000,10.460000,11.050000
11/02/2006,11.650000,11.780000,11.000000,11.000000
11/03/2006,11.030000,11.270000,10.660000,10.670000
11/06/2006,10.810000,10.910000,10.260000,10.470000
11/07/2006,10.850000,11.030000,10.380000,10.900000
11/08/2006,11.160000,11.230000,10.420000,10.460000
11/09/2006,10.750000,11.170000,10.530000,11.000000
11/10/2006,11.050000,11.160000,10.610000,10.610000
11/13/2006,11.210000,11.290000,10.710000,11.010000
11/14/2006,11.030000,11.680000,10.370000,10.890000
11/15/2006,10.640000,11.050000,10.090000,10.350000
11/16/2006,10.580000,10.650000,9.950000,10.150000
11/17/2006,10.370000,10.660000,9.740000,9.840000
11/20/2006,10.130000,10.130000,9.400000,9.570000
11/21/2006,9.620000,9.700000,9.320000,9.360000
11/22/2006,9.340000,9.860000,9.320000,9.400000
11/24/2006,10.600000,10.750000,10.250000,10.390000
11/27/2006,10.620000,11.970000,10.550000,11.580000
11/28/2006,12.140000,12.140000,10.740000,10.880000
11/29/2006,10.590000,10.780000,9.970000,10.230000
11/30/2006,10.390000,10.860000,10.000000,10.360000
12/01/2006,10.450000,12.140000,10.450000,11.440000
12/04/2006,11.270000,11.290000,10.030000,10.470000
12/05/2006,10.730000,10.960000,10.330000,10.600000
12/06/2006,10.820000,11.140000,10.570000,10.750000
12/07/2006,10.550000,12.050000,10.550000,11.960000
12/08/2006,11.970000,12.540000,11.050000,11.270000
12/11/2006,11.420000,11.620000,10.800000,11.100000
12/12/2006,11.340000,11.630000,10.680000,10.970000
12/13/2006,10.230000,10.850000,10.050000,10.150000
12/14/2006,10.170000,10.200000,9.340000,9.580000
12/15/2006,9.500000,10.020000,9.000000,9.970000
12/18/2006,10.120000,10.120000,9.440000,9.650000
12/19/2006,10.820000,10.960000,9.530000,9.680000
12/20/2006,10.000000,10.000000,9.460000,9.730000
12/21/2006,9.770000,10.730000,9.710000,9.980000
12/22/2006,10.810000,11.160000,10.550000,10.830000
12/26/2006,11.210000,11.350000,10.390000,10.450000
12/27/2006,10.140000,10.230000,9.740000,9.740000
12/28/2006,10.310000,10.620000,10.030000,10.410000
12/29/2006,10.550000,11.250000,10.270000,11.250000
01/03/2007,11.630000,12.430000,10.980000,11.570000
01/04/2007,12.220000,12.530000,10.840000,11.190000
01/05/2007,11.920000,12.270000,11.540000,11.870000
01/08/2007,11.990000,12.790000,11.310000,11.420000
01/09/2007,11.790000,12.400000,11.420000,11.830000
01/10/2007,12.530000,12.700000,11.320000,11.320000
01/11/2007,11.450000,11.450000,10.460000,10.590000
01/12/2007,10.610000,10.830000,10.100000,10.240000
01/16/2007,10.760000,11.080000,10.450000,10.470000
01/17/2007,10.620000,10.820000,9.950000,10.000000
01/18/2007,10.340000,10.830000,10.070000,10.310000
01/19/2007,10.420000,10.630000,9.620000,9.750000
01/22/2007,9.900000,10.520000,9.860000,10.150000
01/23/2007,10.440000,10.470000,9.260000,9.660000
01/24/2007,9.420000,9.830000,8.990000,9.050000
01/25/2007,9.390000,11.060000,9.350000,10.790000
01/26/2007,10.900000,11.600000,10.430000,10.710000
01/29/2007,10.730000,11.140000,10.420000,10.820000
01/30/2007,11.230000,11.480000,10.600000,10.660000
01/31/2007,11.070000,11.220000,9.900000,10.140000
02/01/2007,10.020000,10.530000,9.820000,9.960000
02/02/2007,10.170000,10.630000,9.520000,9.790000
02/05/2007,10.070000,10.420000,9.850000,9.990000
02/06/2007,9.990000,10.500000,9.850000,10.000000
02/07/2007,10.060000,10.160000,9.680000,9.720000
02/08/2007,10.300000,10.740000,9.960000,10.090000
02/09/2007,9.900000,11.550000,9.830000,10.860000
02/12/2007,11.410000,11.800000,11.120000,11.370000
02/13/2007,11.080000,11.130000,9.850000,9.990000
02/14/2007,9.830000,9.930000,9.030000,9.730000
02/15/2007,10.180000,10.370000,9.780000,9.880000
02/16/2007,10.300000,10.380000,9.660000,9.660000
02/20/2007,10.360000,10.460000,9.710000,9.950000
02/21/2007,10.290000,10.450000,9.830000,9.940000
02/22/2007,10.140000,10.590000,9.990000,10.110000
02/23/2007,10.480000,10.900000,10.420000,10.600000
02/26/2007,10.510000,11.330000,10.360000,11.070000
02/27/2007,13.260000,21.700000,12.830000,18.850000
02/28/2007,17.600000,17.930000,15.110000,15.930000
03/01/2007,20.700000,21.530000,15.670000,16.210000
03/02/2007,16.930000,19.550000,16.650000,19.120000
03/05/2007,20.630000,20.910000,18.040000,20.500000
03/06/2007,17.910000,18.290000,15.650000,15.940000
03/07/2007,16.220000,16.390000,14.570000,15.660000
03/08/2007,14.560000,15.010000,13.630000,15.010000
03/09/2007,14.240000,15.230000,13.900000,14.250000
03/12/2007,14.300000,14.820000,12.980000,13.560000
03/13/2007,14.390000,17.700000,14.060000,17.570000
03/14/2007,17.350000,20.150000,16.020000,16.390000
03/15/2007,16.370000,16.370000,14.460000,15.220000
03/16/2007,15.260000,16.650000,14.840000,16.390000
03/19/2007,15.170000,15.530000,13.810000,14.000000
03/20/2007,14.490000,14.730000,12.870000,13.000000
03/21/2007,13.010000,13.420000,10.710000,11.450000
03/22/2007,11.750000,12.440000,11.340000,12.280000
03/23/2007,12.520000,12.850000,12.120000,12.340000
03/26/2007,12.710000,14.360000,12.160000,12.240000
03/27/2007,12.900000,13.470000,12.840000,13.000000
03/28/2007,14.370000,15.540000,14.160000,14.970000
03/29/2007,14.240000,16.080000,14.080000,14.760000
03/30/2007,14.370000,15.890000,14.010000,14.410000
04/02/2007,14.390000,15.050000,13.690000,13.790000
04/03/2007,13.240000,13.320000,11.950000,12.680000
04/04/2007,12.880000,13.040000,12.340000,12.340000
04/05/2007,12.940000,12.980000,11.830000,12.050000
04/09/2007,12.600000,12.790000,12.110000,12.290000
04/10/2007,12.320000,12.460000,11.660000,11.730000
04/11/2007,12.240000,13.070000,12.120000,12.650000
04/12/2007,13.340000,13.480000,11.900000,11.970000
04/13/2007,11.910000,12.460000,11.390000,11.510000
04/16/2007,11.370000,11.560000,11.020000,11.250000
04/17/2007,11.730000,11.730000,11.160000,11.430000
04/18/2007,11.760000,12.040000,11.220000,11.730000
04/19/2007,12.860000,12.860000,11.990000,12.260000
04/20/2007,11.660000,12.420000,11.600000,11.670000
04/23/2007,12.060000,12.620000,11.900000,12.490000
04/24/2007,12.640000,13.310000,12.490000,12.560000
04/25/2007,12.340000,12.760000,12.010000,12.580000
04/26/2007,13.100000,13.750000,12.240000,12.550000
04/27/2007,12.830000,13.220000,11.960000,12.050000
04/30/2007,12.600000,13.340000,12.130000,13.340000
05/01/2007,13.840000,14.200000,12.860000,12.860000
05/02/2007,12.910000,12.960000,12.170000,12.530000
05/03/2007,12.890000,13.090000,12.490000,12.780000
05/04/2007,12.760000,13.160000,12.340000,12.660000
05/07/2007,12.770000,13.010000,12.510000,12.660000
05/08/2007,13.150000,13.580000,12.920000,12.960000
05/09/2007,13.660000,13.810000,12.460000,12.480000
05/10/2007,13.230000,14.050000,13.030000,14.000000
05/11/2007,13.810000,13.890000,12.740000,12.910000
05/14/2007,13.480000,14.620000,13.320000,14.090000
05/15/2007,13.840000,14.260000,13.220000,13.970000
05/16/2007,14.030000,14.310000,12.990000,13.270000
05/17/2007,13.770000,13.980000,13.240000,13.370000
05/18/2007,13.430000,13.480000,12.340000,12.340000
05/21/2007,12.530000,12.670000,11.780000,12.410000
05/22/2007,12.790000,13.040000,11.900000,12.400000
05/23/2007,12.330000,12.890000,11.780000,12.790000
05/24/2007,13.020000,14.130000,12.490000,13.810000
05/25/2007,13.770000,13.800000,12.800000,12.860000
05/29/2007,13.290000,13.630000,12.820000,12.990000
05/30/2007,13.890000,13.980000,12.270000,12.330000
05/31/2007,12.360000,13.070000,12.330000,12.760000
06/01/2007,12.520000,12.890000,12.160000,12.510000
06/04/2007,13.000000,13.100000,12.560000,12.730000
06/05/2007,13.360000,13.790000,12.910000,13.120000
06/06/2007,14.050000,15.240000,14.030000,14.580000
06/07/2007,15.420000,17.490000,15.170000,17.010000
06/08/2007,17.600000,17.600000,14.680000,14.730000
06/11/2007,14.970000,15.510000,14.070000,14.610000
06/12/2007,15.340000,16.280000,14.470000,16.010000
06/13/2007,16.100000,16.260000,14.570000,15.250000
06/14/2007,14.420000,14.440000,13.450000,13.690000
06/15/2007,13.290000,13.870000,12.430000,13.200000
06/18/2007,13.390000,14.120000,12.970000,13.140000
06/19/2007,13.280000,13.540000,12.440000,12.740000
06/20/2007,12.810000,14.720000,12.570000,14.720000
06/21/2007,15.370000,15.730000,14.360000,14.360000
06/22/2007,15.040000,17.050000,14.900000,16.970000
06/25/2007,17.010000,17.370000,15.330000,17.100000
06/26/2007,16.640000,18.260000,16.430000,18.230000
06/27/2007,19.000000,19.280000,15.410000,15.520000
06/28/2007,16.090000,16.100000,14.990000,15.610000
06/29/2007,15.300000,17.470000,14.760000,16.690000
07/02/2007,15.680000,15.850000,14.720000,14.780000
07/03/2007,14.720000,14.720000,13.910000,13.950000
07/05/2007,15.050000,15.720000,14.580000,14.730000
07/06/2007,15.110000,15.180000,13.970000,14.310000
07/09/2007,14.510000,14.910000,14.040000,14.380000
07/10/2007,15.620000,17.250000,15.280000,17.220000
07/11/2007,17.710000,18.380000,16.510000,16.560000
07/12/2007,15.590000,15.670000,14.630000,14.870000
07/13/2007,15.430000,15.520000,14.650000,15.050000
07/16/2007,15.330000,15.770000,14.980000,15.350000
07/17/2007,15.410000,15.680000,15.200000,15.470000
07/18/2007,16.180000,17.100000,15.750000,15.840000
07/19/2007,15.110000,15.740000,14.860000,15.080000
07/20/2007,15.640000,18.240000,15.500000,17.330000
07/23/2007,16.890000,17.190000,15.900000,16.550000
07/24/2007,18.250000,19.530000,16.210000,19.030000
07/25/2007,17.780000,19.890000,16.620000,18.270000
07/26/2007,21.050000,24.900000,20.470000,21.770000
07/27/2007,22.430000,25.210000,20.950000,25.090000
07/30/2007,25.130000,25.130000,21.170000,21.390000
07/31/2007,20.590000,25.180000,19.860000,25.180000
08/01/2007,25.580000,27.250000,23.670000,24.050000
08/02/2007,23.170000,23.540000,21.160000,21.680000
08/03/2007,22.180000,26.480000,21.750000,26.420000
08/06/2007,26.090000,27.250000,21.250000,21.510000
08/07/2007,22.760000,24.300000,19.860000,21.330000
08/08/2007,20.550000,23.120000,18.880000,21.730000
08/09/2007,26.350000,28.260000,24.520000,27.950000
08/10/2007,32.620000,32.620000,28.320000,29.080000
08/13/2007,27.510000,27.600000,24.900000,26.550000
08/14/2007,25.720000,28.470000,25.590000,28.240000
08/15/2007,29.160000,32.350000,26.700000,32.210000
08/16/2007,32.530000,37.690000,30.600000,30.770000
08/17/2007,28.600000,32.320000,28.240000,29.430000
08/20/2007,29.250000,29.250000,25.110000,25.620000
08/21/2007,25.960000,26.550000,24.430000,25.370000
08/22/2007,23.210000,24.520000,22.670000,22.680000
08/23/2007,22.110000,23.960000,22.110000,22.670000
08/24/2007,22.660000,22.860000,20.160000,20.400000
08/27/2007,21.360000,22.020000,21.000000,21.950000
08/28/2007,23.120000,26.410000,22.970000,26.410000
08/29/2007,25.270000,26.020000,23.220000,23.350000
08/30/2007,25.320000,25.450000,23.680000,24.780000
08/31/2007,24.230000,24.920000,23.100000,23.580000
09/04/2007,24.170000,24.170000,21.190000,22.120000
09/05/2007,24.010000,25.370000,23.850000,24.610000
09/06/2007,25.050000,26.110000,20.790000,24.020000
09/07/2007,26.790000,27.770000,25.980000,27.400000
09/10/2007,27.370000,29.510000,26.650000,27.530000
09/11/2007,26.800000,26.800000,20.290000,24.960000
09/12/2007,26.470000,26.470000,25.040000,25.560000
09/13/2007,25.180000,25.270000,24.030000,24.840000
09/14/2007,26.970000,27.200000,25.450000,25.450000
09/17/2007,26.350000,26.960000,26.000000,26.570000
09/18/2007,26.710000,26.840000,12.730000,20.750000
09/19/2007,19.870000,20.200000,19.130000,19.800000
09/20/2007,20.580000,20.800000,19.830000,20.540000
09/21/2007,19.440000,19.490000,18.000000,18.290000
09/24/2007,18.290000,19.130000,17.500000,18.830000
09/25/2007,19.590000,19.690000,17.850000,17.850000
09/26/2007,17.680000,17.790000,16.840000,17.410000
09/27/2007,17.060000,17.480000,16.680000,16.750000
09/28/2007,17.200000,18.350000,14.130000,18.180000
10/01/2007,17.510000,17.540000,16.120000,16.670000
10/02/2007,17.170000,18.270000,17.090000,17.470000
10/03/2007,18.050000,18.330000,17.310000,17.640000
10/04/2007,18.040000,18.240000,17.520000,18.020000
10/05/2007,16.780000,16.860000,15.670000,16.050000
10/08/2007,16.660000,16.910000,16.420000,16.490000
10/09/2007,16.300000,16.400000,15.330000,15.450000
10/10/2007,16.140000,16.990000,16.050000,16.290000
10/11/2007,15.860000,19.460000,15.660000,18.940000
10/12/2007,18.850000,19.010000,17.370000,17.420000
10/15/2007,17.880000,20.010000,17.870000,19.440000
10/16/2007,20.290000,20.810000,19.890000,20.000000
10/17/2007,18.480000,20.100000,18.050000,18.700000
10/18/2007,19.270000,19.990000,18.260000,18.320000
10/19/2007,19.370000,23.150000,19.140000,23.150000
10/22/2007,23.630000,24.760000,21.470000,21.530000
10/23/2007,20.930000,21.480000,19.850000,19.850000
10/24/2007,20.950000,24.280000,13.180000,20.960000
10/25/2007,21.320000,24.390000,20.270000,22.050000
10/26/2007,20.970000,21.510000,19.850000,20.120000
10/29/2007,19.640000,19.970000,19.190000,19.460000
10/30/2007,20.850000,21.570000,20.740000,21.410000
10/31/2007,21.140000,25.230000,17.960000,18.340000
11/01/2007,21.620000,24.780000,17.770000,24.450000
11/02/2007,23.910000,26.340000,23.370000,23.400000
11/05/2007,25.230000,25.490000,23.300000,23.670000
11/06/2007,23.000000,23.430000,20.920000,20.950000
11/07/2007,23.680000,27.870000,23.430000,27.870000
11/08/2007,27.570000,30.970000,24.430000,26.850000
11/09/2007,29.800000,30.460000,26.990000,29.010000
11/12/2007,29.240000,30.420000,27.360000,30.390000
11/13/2007,27.050000,27.140000,24.160000,24.230000
11/14/2007,24.230000,27.260000,24.120000,26.750000
11/15/2007,28.020000,30.350000,12.350000,29.020000
11/16/2007,28.490000,30.020000,26.820000,27.100000
11/19/2007,27.160000,27.830000,23.580000,26.880000
11/20/2007,26.700000,28.580000,24.630000,26.810000
11/21/2007,28.580000,29.750000,26.570000,28.420000
11/23/2007,28.290000,28.590000,27.430000,27.700000
11/26/2007,28.150000,31.070000,27.910000,31.070000
11/27/2007,30.470000,30.770000,28.470000,28.470000
11/28/2007,27.550000,27.550000,25.820000,26.300000
11/29/2007,26.270000,26.860000,25.320000,25.650000
11/30/2007,24.750000,25.530000,24.140000,24.810000
12/03/2007,25.170000,25.570000,24.580000,24.880000
12/04/2007,26.210000,26.290000,24.990000,25.290000
12/05/2007,24.320000,24.570000,23.310000,23.810000
12/06/2007,24.510000,24.510000,22.620000,22.620000
12/07/2007,22.340000,22.780000,22.020000,22.480000
12/10/2007,22.760000,22.760000,21.620000,22.010000
12/11/2007,21.850000,24.520000,21.200000,24.470000
12/12/2007,22.270000,25.970000,22.270000,24.770000
12/13/2007,24.790000,25.900000,24.110000,24.110000
12/14/2007,25.670000,25.680000,24.170000,25.520000
12/17/2007,25.930000,26.630000,25.200000,26.580000
12/18/2007,26.230000,26.910000,24.530000,25.080000
12/19/2007,24.540000,24.560000,23.250000,23.500000
12/20/2007,22.650000,23.930000,22.420000,22.420000
12/21/2007,21.430000,21.430000,19.380000,19.630000
12/24/2007,19.320000,19.380000,18.630000,18.880000
12/26/2007,16.140000,20.450000,16.010000,19.200000
12/27/2007,20.130000,21.400000,20.000000,21.220000
12/28/2007,20.980000,22.660000,20.790000,22.270000
12/31/2007,22.720000,23.350000,22.440000,23.190000
01/02/2008,23.830000,25.930000,23.680000,24.990000
01/03/2008,25.320000,25.790000,23.900000,24.550000
01/04/2008,25.970000,26.910000,25.440000,26.780000
01/07/2008,26.690000,27.310000,24.830000,25.140000
01/08/2008,24.570000,26.850000,23.980000,26.690000
01/09/2008,27.320000,28.370000,25.760000,25.760000
01/10/2008,26.890000,26.890000,24.250000,24.940000
01/11/2008,26.670000,27.280000,25.630000,26.710000
01/14/2008,26.240000,26.380000,24.820000,25.020000
01/15/2008,26.670000,27.590000,25.810000,26.110000
01/16/2008,26.020000,27.160000,25.220000,27.160000
01/17/2008,27.310000,32.230000,27.170000,32.100000
01/18/2008,29.950000,32.150000,29.200000,29.990000
01/22/2008,39.020000,39.020000,32.620000,33.240000
01/23/2008,37.510000,38.080000,30.820000,31.060000
01/24/2008,29.820000,30.760000,29.060000,29.260000
01/25/2008,28.620000,33.020000,28.400000,32.560000
01/28/2008,32.160000,32.600000,29.070000,29.120000
01/29/2008,28.750000,29.950000,28.480000,29.310000
01/30/2008,30.210000,30.860000,26.390000,28.960000
01/31/2008,31.600000,31.820000,27.520000,28.330000
02/01/2008,27.510000,27.930000,25.290000,25.640000
02/04/2008,26.430000,26.990000,25.980000,26.840000
02/05/2008,29.310000,30.170000,28.750000,30.100000
02/06/2008,30.790000,31.500000,18.460000,31.230000
02/07/2008,31.870000,32.300000,28.770000,29.610000
02/08/2008,31.380000,31.970000,29.880000,30.420000
02/11/2008,30.890000,31.310000,28.660000,28.690000
02/12/2008,28.150000,28.260000,26.540000,27.810000
02/13/2008,27.500000,28.170000,26.090000,26.670000
02/14/2008,26.510000,27.320000,25.820000,27.200000
02/15/2008,27.480000,28.000000,27.010000,27.330000
02/19/2008,27.190000,28.050000,26.430000,27.550000
02/20/2008,28.140000,28.600000,25.770000,25.960000
02/21/2008,25.490000,27.250000,25.420000,26.740000
02/22/2008,27.700000,28.680000,26.510000,26.510000
02/25/2008,26.170000,26.490000,23.930000,24.020000
02/26/2008,24.750000,25.010000,22.750000,23.230000
02/27/2008,23.990000,24.260000,22.940000,23.700000
02/28/2008,25.230000,25.620000,24.370000,24.980000
02/29/2008,26.920000,29.140000,26.810000,28.900000
03/03/2008,30.130000,30.700000,28.350000,28.350000
03/04/2008,28.780000,29.680000,27.640000,27.960000
03/05/2008,28.120000,28.190000,25.970000,27.010000
03/06/2008,28.010000,30.760000,27.840000,30.500000
03/07/2008,32.000000,32.430000,29.940000,30.350000
03/10/2008,30.560000,31.880000,29.870000,31.550000
03/11/2008,29.140000,30.970000,27.900000,27.900000
03/12/2008,28.280000,29.240000,27.030000,29.150000
03/13/2008,32.070000,32.470000,28.740000,29.680000
03/14/2008,30.060000,36.800000,30.060000,34.140000
03/17/2008,37.020000,37.170000,32.200000,34.300000
03/18/2008,31.660000,31.810000,27.440000,27.560000
03/19/2008,27.060000,31.770000,26.650000,31.770000
03/20/2008,31.610000,31.610000,19.000000,27.510000
03/24/2008,28.070000,28.140000,25.200000,26.300000
03/25/2008,26.280000,27.470000,25.580000,26.300000
03/26/2008,27.770000,28.930000,26.690000,27.200000
03/27/2008,27.020000,28.110000,26.460000,27.750000
03/28/2008,28.140000,28.630000,22.180000,28.410000
03/31/2008,28.070000,28.090000,26.130000,26.490000
04/01/2008,25.560000,25.560000,23.420000,23.610000
04/02/2008,23.690000,24.600000,23.280000,24.230000
04/03/2008,25.870000,26.130000,24.440000,24.770000
04/04/2008,24.650000,24.860000,23.060000,23.750000
04/07/2008,23.760000,23.840000,21.630000,22.700000
04/08/2008,23.720000,23.810000,20.290000,22.990000
04/09/2008,23.900000,25.170000,23.820000,24.360000
04/10/2008,24.490000,24.800000,22.610000,23.150000
04/11/2008,25.920000,26.010000,24.610000,25.940000
04/14/2008,26.210000,26.350000,25.340000,25.510000
04/15/2008,25.600000,26.510000,24.520000,24.520000
04/16/2008,23.310000,23.430000,21.730000,21.940000
04/17/2008,22.670000,23.270000,21.910000,22.150000
04/18/2008,20.550000,21.130000,15.010000,20.740000
04/21/2008,20.930000,21.690000,20.730000,20.880000
04/22/2008,21.550000,22.370000,21.320000,21.320000
04/23/2008,21.590000,21.800000,20.530000,20.640000
04/24/2008,20.980000,21.590000,19.570000,20.400000
04/25/2008,20.440000,21.240000,20.180000,20.520000
04/28/2008,20.130000,20.330000,18.930000,19.790000
04/29/2008,20.260000,21.040000,20.220000,20.520000
04/30/2008,20.730000,21.160000,19.940000,21.160000
05/01/2008,21.660000,21.660000,19.060000,19.330000
05/02/2008,18.850000,19.260000,18.230000,18.230000
05/05/2008,18.600000,18.860000,17.950000,18.380000
05/06/2008,19.320000,19.470000,17.530000,17.820000
05/07/2008,18.540000,20.410000,18.290000,20.290000
05/08/2008,20.090000,20.430000,19.090000,19.090000
05/09/2008,20.300000,20.590000,19.700000,19.830000
05/12/2008,20.340000,20.450000,18.690000,19.360000
05/13/2008,19.280000,19.760000,18.800000,18.990000
05/14/2008,18.430000,18.510000,17.420000,18.280000
05/15/2008,18.270000,18.540000,17.060000,17.370000
05/16/2008,17.300000,18.710000,17.160000,17.260000
05/19/2008,17.390000,17.650000,9.440000,12.860000
05/20/2008,18.290000,18.890000,14.130000,18.420000
05/21/2008,18.130000,19.680000,17.390000,19.290000
05/22/2008,19.740000,19.790000,18.510000,18.760000
05/23/2008,19.420000,21.130000,17.660000,20.430000
05/27/2008,21.220000,21.490000,19.790000,19.990000
05/28/2008,20.010000,21.160000,19.670000,19.670000
05/29/2008,19.770000,20.010000,17.840000,18.590000
05/30/2008,19.120000,19.120000,18.210000,18.570000
06/02/2008,19.210000,21.200000,19.210000,20.010000
06/03/2008,20.100000,21.900000,12.430000,20.740000
06/04/2008,21.260000,21.930000,15.480000,21.580000
06/05/2008,21.280000,21.280000,19.330000,19.410000
06/06/2008,20.910000,24.800000,20.790000,24.800000
06/09/2008,24.650000,25.510000,22.080000,24.280000
06/10/2008,25.010000,25.080000,14.900000,23.370000
06/11/2008,24.560000,25.950000,19.090000,25.400000
06/12/2008,24.720000,25.660000,14.860000,24.850000
06/13/2008,24.960000,25.220000,14.780000,22.210000
06/16/2008,23.370000,23.570000,21.370000,21.700000
06/17/2008,21.820000,22.670000,21.340000,22.170000
06/18/2008,23.040000,24.180000,22.900000,23.600000
06/19/2008,24.270000,24.640000,22.510000,22.750000
06/20/2008,24.150000,25.340000,23.840000,24.820000
06/23/2008,24.040000,24.760000,23.360000,23.560000
06/24/2008,24.150000,24.840000,22.150000,23.230000
06/25/2008,22.960000,23.370000,21.610000,22.410000
06/26/2008,23.980000,26.130000,23.350000,25.910000
06/27/2008,26.390000,26.860000,25.500000,25.630000
06/30/2008,24.750000,25.630000,23.930000,24.590000
07/01/2008,26.420000,27.010000,24.620000,24.620000
07/02/2008,24.390000,27.110000,24.080000,26.950000
07/03/2008,27.040000,28.220000,26.050000,26.370000
07/07/2008,26.250000,28.560000,25.820000,26.610000
07/08/2008,26.340000,27.200000,23.790000,23.960000
07/09/2008,24.320000,27.280000,24.110000,27.280000
07/10/2008,26.960000,28.330000,21.060000,27.200000
07/11/2008,29.850000,32.820000,28.290000,29.960000
07/14/2008,28.370000,31.050000,28.370000,30.350000
07/15/2008,31.760000,33.480000,26.990000,30.440000
07/16/2008,30.180000,30.260000,26.220000,26.340000
07/17/2008,25.690000,26.700000,25.120000,25.920000
07/18/2008,26.110000,26.470000,25.180000,25.460000
07/21/2008,24.900000,25.310000,24.100000,24.100000
07/22/2008,25.130000,25.230000,21.220000,21.390000
07/23/2008,21.870000,23.360000,21.200000,22.440000
07/24/2008,22.590000,25.010000,16.840000,24.890000
07/25/2008,24.810000,25.270000,21.350000,24.100000
07/28/2008,24.210000,25.760000,23.830000,25.690000
07/29/2008,25.590000,25.740000,23.130000,23.200000
07/30/2008,22.550000,23.710000,22.190000,22.630000
07/31/2008,23.430000,24.670000,22.950000,24.670000
08/01/2008,24.570000,25.380000,23.840000,24.260000
08/04/2008,25.070000,25.580000,23.980000,24.850000
08/05/2008,24.240000,24.330000,21.990000,22.050000
08/06/2008,23.030000,23.230000,20.940000,20.960000
08/07/2008,22.640000,22.750000,21.480000,22.630000
08/08/2008,22.980000,23.080000,21.350000,21.880000
08/11/2008,22.540000,22.730000,21.340000,22.260000
08/12/2008,22.960000,23.310000,22.580000,23.000000
08/13/2008,24.130000,24.590000,23.200000,23.930000
08/14/2008,24.250000,24.360000,21.810000,22.110000
08/15/2008,22.180000,23.050000,21.380000,21.500000
08/18/2008,21.720000,22.990000,21.290000,22.380000
08/19/2008,23.340000,24.240000,23.020000,23.220000
08/20/2008,23.370000,23.810000,21.700000,21.700000
08/21/2008,22.780000,22.970000,20.980000,21.260000
08/22/2008,20.980000,20.980000,20.100000,20.470000
08/25/2008,21.460000,22.660000,21.160000,22.320000
08/26/2008,22.460000,22.590000,21.620000,21.720000
08/27/2008,22.460000,22.560000,20.810000,21.680000
08/28/2008,21.060000,21.350000,20.660000,20.680000
08/29/2008,21.590000,22.610000,21.460000,22.590000
09/02/2008,21.780000,24.290000,21.660000,23.840000
09/03/2008,24.490000,24.600000,13.450000,23.150000
09/04/2008,24.760000,26.910000,24.360000,26.730000
09/05/2008,27.130000,27.820000,25.310000,25.430000
09/08/2008,24.590000,26.120000,23.990000,24.720000
09/09/2008,24.970000,28.100000,24.420000,27.880000
09/10/2008,28.200000,28.660000,26.310000,27.390000
09/11/2008,29.350000,29.570000,27.110000,27.110000
09/12/2008,28.590000,30.920000,12.550000,29.330000
09/15/2008,34.000000,34.000000,29.640000,33.610000
09/16/2008,36.650000,37.690000,16.600000,33.030000
09/17/2008,34.950000,39.400000,34.570000,39.000000
09/18/2008,37.800000,45.810000,34.410000,36.060000
09/19/2008,29.760000,34.750000,28.900000,33.550000
09/22/2008,33.840000,41.530000,31.860000,36.280000
09/23/2008,36.470000,38.960000,30.840000,38.540000
09/24/2008,39.250000,40.130000,34.650000,39.280000
09/25/2008,38.220000,38.390000,35.650000,36.750000
09/26/2008,40.140000,41.810000,38.020000,39.410000
09/29/2008,41.550000,55.100000,18.570000,51.840000
09/30/2008,50.240000,50.790000,25.290000,44.510000
10/01/2008,45.710000,48.310000,44.330000,45.270000
10/02/2008,47.990000,54.280000,47.830000,54.160000
10/03/2008,51.410000,52.120000,45.220000,51.760000
10/06/2008,56.240000,69.420000,56.240000,59.500000
10/07/2008,56.490000,63.060000,54.610000,63.060000
10/08/2008,67.080000,83.140000,19.770000,68.010000
10/09/2008,62.010000,78.090000,55.550000,75.960000
10/10/2008,89.740000,103.410000,82.550000,85.990000
10/13/2008,71.770000,72.880000,60.130000,60.280000
10/14/2008,56.150000,62.530000,16.890000,58.450000
10/15/2008,62.450000,68.350000,60.120000,68.350000
10/16/2008,68.820000,84.300000,14.430000,70.340000
10/17/2008,75.370000,76.520000,62.350000,71.060000
10/20/2008,66.050000,66.050000,52.460000,52.720000
10/21/2008,55.060000,57.710000,51.980000,55.780000
10/22/2008,64.300000,76.380000,59.070000,70.400000
10/23/2008,72.620000,82.110000,65.270000,68.560000
10/24/2008,86.150000,86.150000,76.160000,79.360000
10/27/2008,82.290000,83.460000,71.930000,81.150000
10/28/2008,73.810000,81.420000,66.010000,66.010000
10/29/2008,70.980000,73.750000,64.370000,72.410000
10/30/2008,66.500000,71.490000,64.410000,65.310000
10/31/2008,68.450000,69.130000,58.520000,61.380000
11/03/2008,58.810000,58.810000,53.150000,54.220000
11/04/2008,50.130000,50.770000,44.800000,47.970000
11/05/2008,50.870000,55.550000,48.110000,55.120000
11/06/2008,56.530000,68.140000,56.530000,66.000000
11/07/2008,63.140000,63.960000,36.300000,58.380000
11/10/2008,55.640000,62.970000,55.440000,60.600000
11/11/2008,63.760000,65.740000,59.050000,62.090000
11/12/2008,67.380000,70.750000,66.050000,70.220000
11/13/2008,68.890000,73.870000,60.570000,60.600000
11/14/2008,64.500000,70.310000,63.730000,70.310000
11/17/2008,70.530000,73.150000,68.140000,73.150000
11/18/2008,72.960000,77.230000,70.640000,72.340000
11/19/2008,71.630000,79.630000,70.860000,79.630000
11/20/2008,83.760000,88.170000,77.820000,87.240000
11/21/2008,81.970000,84.840000,75.630000,76.170000
11/24/2008,72.710000,73.300000,63.840000,67.640000
11/25/2008,65.300000,68.390000,62.510000,63.050000
11/26/2008,65.600000,65.740000,57.390000,58.570000
11/28/2008,60.760000,62.470000,59.810000,59.810000
12/01/2008,64.690000,73.240000,64.550000,73.240000
12/02/2008,73.270000,73.570000,67.890000,69.050000
12/03/2008,70.820000,71.430000,64.400000,64.530000
12/04/2008,68.630000,71.210000,65.360000,70.180000
12/05/2008,70.140000,72.210000,62.590000,62.940000
12/08/2008,60.700000,63.000000,59.940000,60.510000
12/09/2008,60.720000,61.030000,57.970000,60.460000
12/10/2008,61.080000,61.280000,57.410000,57.640000
12/11/2008,58.580000,58.580000,54.140000,57.110000
12/12/2008,62.310000,62.310000,57.540000,57.780000
12/15/2008,56.980000,60.470000,56.270000,59.290000
12/16/2008,58.720000,59.340000,54.000000,54.160000
12/17/2008,55.260000,55.470000,51.560000,52.240000
12/18/2008,51.850000,52.320000,47.230000,51.310000
12/19/2008,47.100000,47.190000,43.470000,45.940000
12/22/2008,44.540000,47.570000,43.900000,45.960000
12/23/2008,44.590000,47.300000,43.010000,46.930000
12/24/2008,48.280000,48.290000,46.760000,47.880000
12/26/2008,47.290000,47.460000,45.840000,46.030000
12/29/2008,45.510000,47.780000,45.310000,45.310000
12/30/2008,45.700000,45.950000,42.770000,42.770000
12/31/2008,42.190000,42.320000,39.050000,40.400000
01/02/2009,41.360000,41.550000,38.120000,38.580000
01/05/2009,40.640000,40.970000,38.610000,39.350000
01/06/2009,38.280000,39.640000,37.450000,38.520000
01/07/2009,41.540000,44.130000,40.900000,43.750000
01/08/2009,44.510000,44.910000,41.920000,41.960000
01/09/2009,42.450000,43.570000,41.410000,42.600000
01/12/2009,44.050000,47.720000,44.000000,46.890000
01/13/2009,46.480000,46.480000,43.460000,44.370000
01/14/2009,48.880000,53.170000,48.880000,49.920000
01/15/2009,50.710000,54.820000,47.880000,48.460000
01/16/2009,45.260000,49.910000,44.580000,45.850000
01/20/2009,48.610000,56.450000,48.610000,56.250000
01/21/2009,51.150000,53.980000,45.440000,45.670000
01/22/2009,50.170000,52.100000,45.660000,46.990000
01/23/2009,50.100000,50.440000,45.180000,45.630000
01/26/2009,44.470000,46.050000,42.490000,43.990000
01/27/2009,41.470000,43.030000,40.480000,40.680000
01/28/2009,39.190000,39.910000,38.200000,38.580000
01/29/2009,40.780000,42.190000,40.360000,41.940000
01/30/2009,41.440000,46.390000,41.220000,45.850000
02/02/2009,48.200000,48.540000,43.250000,43.570000
02/03/2009,44.270000,44.690000,40.770000,41.130000
02/04/2009,40.960000,43.160000,39.320000,41.990000
02/05/2009,44.530000,45.860000,41.190000,42.710000
02/06/2009,40.760000,42.890000,40.580000,42.790000
02/09/2009,44.060000,44.830000,42.100000,42.520000
02/10/2009,43.290000,47.690000,43.000000,46.370000
02/11/2009,46.000000,46.340000,43.940000,43.970000
02/12/2009,46.750000,47.600000,41.800000,41.800000
02/13/2009,43.340000,43.580000,41.460000,42.750000
02/17/2009,48.660000,50.800000,47.080000,48.540000
02/18/2009,48.370000,50.660000,46.920000,47.100000
02/19/2009,47.210000,48.050000,46.100000,47.790000
02/20/2009,50.790000,52.180000,47.670000,49.400000
02/23/2009,48.850000,54.150000,48.740000,53.500000
02/24/2009,51.490000,52.050000,44.810000,45.210000
02/25/2009,47.250000,49.330000,44.100000,45.620000
02/26/2009,44.800000,46.870000,43.170000,46.560000
02/27/2009,50.340000,50.510000,47.180000,49.080000
03/02/2009,50.550000,54.510000,49.990000,54.510000
03/03/2009,54.070000,54.950000,49.810000,52.110000
03/04/2009,49.870000,50.380000,46.160000,47.880000
03/05/2009,50.470000,54.590000,48.960000,54.020000
03/06/2009,52.710000,55.090000,50.100000,52.670000
03/09/2009,53.970000,54.150000,50.930000,51.470000
03/10/2009,49.250000,49.250000,44.950000,45.000000
03/11/2009,45.620000,46.940000,44.550000,45.550000
03/12/2009,45.710000,46.290000,42.340000,42.760000
03/13/2009,42.760000,46.390000,42.760000,45.080000
03/16/2009,45.150000,45.150000,43.070000,44.710000
03/17/2009,45.790000,45.800000,41.490000,41.620000
03/18/2009,42.170000,43.370000,40.270000,41.070000
03/19/2009,41.340000,45.440000,41.130000,45.290000
03/20/2009,44.970000,47.620000,44.320000,46.410000
03/23/2009,45.660000,45.660000,41.450000,42.860000
03/24/2009,43.450000,43.980000,41.950000,43.440000
03/25/2009,43.400000,45.960000,42.130000,43.110000
03/26/2009,42.420000,43.030000,40.910000,41.430000
03/27/2009,42.950000,44.290000,42.460000,43.390000
03/30/2009,45.180000,46.340000,44.970000,45.210000
03/31/2009,45.210000,45.350000,42.810000,44.400000
04/01/2009,46.020000,46.340000,42.280000,43.000000
04/02/2009,43.460000,45.110000,42.300000,44.470000
04/03/2009,43.580000,43.610000,41.400000,41.630000
04/06/2009,42.840000,43.700000,40.300000,40.300000
04/07/2009,41.950000,42.490000,39.900000,40.110000
04/08/2009,41.410000,41.680000,39.220000,39.270000
04/09/2009,39.390000,39.390000,37.410000,37.410000
04/13/2009,39.980000,40.660000,38.720000,39.090000
04/14/2009,39.980000,41.020000,38.780000,39.780000
04/15/2009,40.160000,40.400000,37.810000,37.970000
04/16/2009,38.610000,39.100000,36.240000,36.860000
04/17/2009,36.860000,37.070000,34.670000,34.970000
04/20/2009,36.820000,40.220000,36.550000,39.710000
04/21/2009,40.420000,40.800000,37.070000,37.390000
04/22/2009,37.390000,39.110000,36.950000,38.820000
04/23/2009,38.550000,39.710000,37.730000,37.910000
04/24/2009,38.070000,38.910000,37.610000,38.130000
04/27/2009,39.490000,39.490000,38.000000,38.430000
04/28/2009,40.200000,40.280000,37.650000,38.200000
04/29/2009,37.150000,37.150000,35.520000,36.200000
04/30/2009,35.800000,37.610000,35.160000,37.220000
05/01/2009,37.610000,37.970000,35.220000,35.830000
05/04/2009,35.840000,35.840000,34.280000,34.380000
05/05/2009,34.890000,35.400000,33.210000,33.340000
05/06/2009,33.400000,34.560000,32.660000,32.660000
05/07/2009,32.680000,35.380000,32.630000,34.150000
05/08/2009,33.340000,34.530000,32.030000,32.770000
05/11/2009,34.650000,34.830000,32.780000,33.760000
05/12/2009,34.060000,34.090000,31.910000,32.670000
05/13/2009,34.550000,35.160000,33.570000,34.950000
05/14/2009,33.950000,34.290000,31.330000,31.640000
05/15/2009,32.220000,34.190000,31.540000,33.770000
05/18/2009,31.870000,31.950000,29.200000,29.280000
05/19/2009,29.850000,29.850000,28.020000,28.620000
05/20/2009,27.390000,29.400000,26.510000,29.210000
05/21/2009,30.550000,32.990000,30.140000,31.730000
05/22/2009,31.610000,32.190000,30.500000,32.080000
05/26/2009,32.460000,32.460000,29.200000,29.510000
05/27/2009,29.890000,31.870000,28.580000,31.770000
05/28/2009,30.670000,32.950000,30.400000,30.460000
05/29/2009,30.350000,31.070000,28.360000,29.620000
06/01/2009,27.430000,28.800000,27.210000,28.610000
06/02/2009,28.460000,29.390000,27.350000,28.220000
06/03/2009,29.310000,30.490000,29.200000,29.340000
06/04/2009,29.770000,30.570000,29.390000,29.420000
06/05/2009,29.240000,30.840000,28.420000,29.300000
06/08/2009,30.430000,30.660000,27.760000,28.210000
06/09/2009,28.220000,28.420000,26.550000,26.740000
06/10/2009,27.320000,29.190000,27.150000,27.170000
06/11/2009,27.220000,27.220000,26.430000,27.160000
06/12/2009,27.790000,28.140000,26.930000,27.100000
06/15/2009,28.570000,30.030000,28.430000,29.490000
06/16/2009,29.490000,31.070000,29.060000,31.060000
06/17/2009,30.800000,32.100000,29.360000,30.100000
06/18/2009,30.510000,30.550000,28.470000,28.530000
06/19/2009,27.630000,27.680000,26.220000,26.540000
06/22/2009,28.980000,31.070000,28.920000,30.010000
06/23/2009,30.210000,30.790000,29.110000,29.320000
06/24/2009,28.990000,29.460000,28.180000,28.500000
06/25/2009,28.630000,28.690000,25.710000,25.870000
06/26/2009,26.440000,26.700000,25.060000,25.350000
06/29/2009,25.130000,25.630000,23.620000,23.750000
06/30/2009,23.770000,26.070000,23.770000,24.790000
07/01/2009,24.270000,25.250000,23.720000,25.170000
07/02/2009,27.280000,27.960000,27.100000,27.450000
07/06/2009,28.980000,29.860000,27.790000,27.810000
07/07/2009,28.500000,30.330000,28.270000,30.320000
07/08/2009,31.350000,33.740000,30.510000,30.930000
07/09/2009,30.640000,30.640000,29.160000,29.410000
07/10/2009,30.210000,31.170000,28.830000,28.910000
07/13/2009,29.740000,29.990000,26.820000,26.940000
07/14/2009,27.110000,27.880000,26.320000,26.320000
07/15/2009,25.200000,26.850000,25.120000,26.070000
07/16/2009,26.300000,26.400000,24.870000,25.540000
07/17/2009,25.740000,25.940000,24.410000,24.870000
07/20/2009,24.570000,25.290000,23.580000,23.700000
07/21/2009,24.320000,25.200000,23.350000,23.600000
07/22/2009,23.980000,24.290000,23.260000,23.470000
07/23/2009,23.770000,24.720000,23.310000,24.070000
07/24/2009,24.080000,24.110000,23.030000,23.060000
07/27/2009,23.730000,24.260000,23.280000,23.520000
07/28/2009,24.210000,25.070000,23.770000,23.980000
07/29/2009,24.950000,25.510000,24.710000,24.910000
07/30/2009,24.580000,25.040000,24.400000,24.700000
07/31/2009,24.970000,25.940000,24.790000,25.590000
08/03/2009,25.350000,25.520000,24.820000,24.860000
08/04/2009,25.320000,25.450000,24.200000,24.200000
08/05/2009,24.410000,25.250000,23.940000,23.950000
08/06/2009,24.570000,25.840000,24.550000,25.440000
08/07/2009,24.730000,24.730000,23.820000,24.650000
08/10/2009,24.990000,25.120000,23.840000,23.850000
08/11/2009,24.510000,25.950000,24.500000,24.850000
08/12/2009,25.080000,25.080000,23.790000,24.230000
08/13/2009,24.430000,24.910000,23.780000,23.800000
08/14/2009,24.550000,25.880000,23.850000,23.990000
08/17/2009,27.350000,27.720000,26.320000,27.050000
08/18/2009,26.920000,27.140000,25.510000,25.760000
08/19/2009,26.680000,26.680000,25.020000,25.350000
08/20/2009,25.190000,25.220000,23.650000,23.790000
08/21/2009,23.450000,24.070000,22.780000,23.810000
08/24/2009,23.750000,24.230000,23.250000,23.250000
08/25/2009,23.190000,23.650000,22.150000,23.390000
08/26/2009,24.280000,24.640000,23.400000,23.400000
08/27/2009,24.220000,24.870000,23.280000,23.390000
08/28/2009,23.910000,24.810000,23.600000,23.610000
08/31/2009,24.660000,25.070000,23.810000,23.810000
09/01/2009,24.790000,27.990000,24.300000,27.720000
09/02/2009,28.360000,28.530000,27.020000,27.750000
09/03/2009,27.760000,28.060000,26.140000,26.140000
09/04/2009,25.530000,25.570000,23.990000,24.240000
09/08/2009,24.550000,24.790000,23.610000,23.630000
09/09/2009,24.490000,24.490000,22.600000,22.660000
09/10/2009,23.500000,23.620000,21.800000,22.020000
09/11/2009,22.550000,23.730000,22.490000,23.000000
09/14/2009,24.280000,24.430000,22.840000,22.890000
09/15/2009,23.150000,23.720000,22.500000,22.980000
09/16/2009,23.140000,23.520000,22.300000,23.090000
09/17/2009,23.410000,23.780000,22.790000,23.770000
09/18/2009,23.520000,24.050000,23.040000,23.560000
09/21/2009,24.220000,24.390000,22.420000,22.580000
09/22/2009,22.630000,22.850000,21.800000,21.960000
09/23/2009,22.210000,23.030000,21.090000,22.790000
09/24/2009,22.930000,24.680000,22.920000,23.920000
09/25/2009,24.580000,25.690000,24.280000,24.850000
09/28/2009,24.470000,24.470000,23.170000,23.230000
09/29/2009,23.340000,24.270000,23.340000,23.650000
09/30/2009,24.240000,25.330000,23.490000,24.580000
10/01/2009,26.080000,27.800000,26.030000,27.680000
10/02/2009,29.170000,29.170000,27.350000,28.010000
10/05/2009,27.290000,27.290000,24.740000,24.850000
10/06/2009,24.120000,24.650000,23.420000,23.770000
10/07/2009,24.520000,24.600000,23.090000,23.230000
10/08/2009,23.150000,23.720000,22.600000,23.070000
10/09/2009,23.250000,23.360000,21.590000,21.760000
10/12/2009,22.620000,23.080000,22.190000,22.360000
10/13/2009,22.740000,23.610000,22.090000,22.120000
10/14/2009,22.260000,22.620000,21.840000,22.470000
10/15/2009,23.050000,23.050000,21.010000,21.300000
10/16/2009,22.130000,22.700000,20.810000,21.200000
10/19/2009,21.190000,21.380000,19.810000,20.250000
10/20/2009,20.600000,20.860000,20.040000,20.230000
10/21/2009,20.040000,21.450000,19.440000,21.190000
10/22/2009,21.860000,22.230000,19.760000,20.180000
10/23/2009,20.380000,22.190000,20.080000,21.580000
10/26/2009,21.440000,23.490000,20.760000,23.280000
10/27/2009,23.340000,24.140000,22.970000,23.370000
10/28/2009,24.220000,27.130000,24.080000,27.080000
10/29/2009,25.820000,26.000000,23.510000,23.640000
10/30/2009,24.110000,30.600000,24.110000,28.890000
11/02/2009,27.200000,29.730000,25.640000,27.210000
11/03/2009,28.400000,28.910000,26.900000,26.980000
11/04/2009,26.020000,26.880000,24.950000,26.710000
11/05/2009,26.180000,26.240000,24.440000,24.540000
11/06/2009,24.370000,24.400000,22.970000,22.970000
11/09/2009,22.610000,22.750000,21.680000,21.740000
11/10/2009,21.980000,22.310000,21.410000,21.430000
11/11/2009,21.770000,22.700000,21.590000,21.910000
11/12/2009,22.210000,23.660000,21.920000,23.220000
11/13/2009,23.780000,23.820000,22.260000,22.270000
11/16/2009,22.180000,22.490000,21.840000,21.840000
11/17/2009,22.550000,22.660000,21.490000,21.590000
11/18/2009,21.810000,22.450000,21.280000,21.370000
11/19/2009,23.370000,23.800000,22.250000,22.410000
11/20/2009,22.320000,22.350000,20.950000,21.120000
11/23/2009,19.830000,20.180000,19.320000,19.620000
11/24/2009,19.860000,20.460000,18.750000,18.890000
11/25/2009,19.280000,19.490000,18.820000,19.160000
11/27/2009,24.000000,24.070000,22.440000,23.590000
11/30/2009,23.430000,24.100000,22.230000,22.350000
12/01/2009,21.590000,21.590000,20.230000,20.480000
12/02/2009,20.610000,20.700000,19.800000,20.040000
12/03/2009,20.110000,21.830000,20.110000,21.660000
12/04/2009,20.260000,22.200000,19.970000,20.530000
12/07/2009,21.210000,21.270000,20.540000,20.700000
12/08/2009,22.700000,22.910000,21.640000,22.300000
12/09/2009,23.420000,23.660000,21.610000,21.650000
12/10/2009,21.010000,21.530000,20.780000,20.970000
12/11/2009,21.060000,21.510000,20.440000,20.530000
12/14/2009,20.780000,20.820000,19.650000,19.660000
12/15/2009,20.640000,20.900000,20.060000,20.590000
12/16/2009,19.950000,20.400000,19.620000,20.080000
12/17/2009,21.200000,22.080000,20.890000,21.840000
12/18/2009,21.120000,21.900000,20.520000,20.530000
12/21/2009,19.240000,19.310000,18.230000,18.380000
12/22/2009,18.140000,18.250000,17.240000,17.350000
12/23/2009,17.620000,18.450000,17.530000,18.010000
12/24/2009,17.890000,17.900000,17.500000,17.680000
12/28/2009,18.050000,18.350000,17.640000,17.760000
12/29/2009,18.000000,18.090000,17.660000,17.970000
12/30/2009,18.580000,18.720000,18.020000,18.020000
12/31/2009,18.390000,20.080000,18.350000,19.870000
01/04/2010,18.960000,19.040000,17.750000,17.780000
01/05/2010,18.460000,18.600000,17.180000,17.180000
01/06/2010,18.000000,18.150000,17.340000,17.640000
01/07/2010,18.280000,18.770000,17.620000,17.890000
01/08/2010,18.220000,18.220000,16.900000,17.010000
01/11/2010,17.180000,17.660000,17.130000,17.340000
01/12/2010,18.610000,18.800000,17.430000,18.230000
01/13/2010,18.210000,18.460000,16.870000,17.000000
01/14/2010,17.260000,17.260000,16.390000,16.580000
01/15/2010,17.120000,18.320000,17.080000,17.110000
01/19/2010,16.940000,16.960000,15.990000,16.500000
01/20/2010,17.240000,18.580000,17.010000,17.120000
01/21/2010,17.580000,21.320000,17.180000,21.190000
01/22/2010,21.620000,26.790000,21.350000,26.050000
01/25/2010,23.390000,24.410000,22.410000,23.380000
01/26/2010,23.870000,24.340000,21.310000,23.240000
01/27/2010,23.590000,25.140000,22.080000,22.320000
01/28/2010,22.300000,24.840000,22.200000,23.000000
01/29/2010,22.530000,25.090000,21.730000,24.460000
02/01/2010,22.940000,22.940000,21.280000,21.310000
02/02/2010,21.710000,21.920000,19.610000,20.180000
02/03/2010,20.550000,21.270000,20.390000,20.630000
02/04/2010,23.020000,26.590000,23.020000,26.530000
02/05/2010,25.450000,29.650000,25.140000,25.280000
02/08/2010,26.010000,26.180000,24.180000,25.430000
02/09/2010,24.280000,25.500000,23.180000,24.490000
02/10/2010,25.240000,26.560000,24.000000,24.270000
02/11/2010,25.370000,25.500000,23.020000,23.090000
02/12/2010,25.350000,25.830000,23.220000,23.240000
02/16/2010,23.150000,23.370000,21.460000,21.570000
02/17/2010,21.860000,22.110000,20.880000,21.190000
02/18/2010,21.580000,21.680000,19.520000,19.630000
02/19/2010,20.250000,20.570000,18.980000,19.190000
02/22/2010,19.310000,19.920000,18.400000,18.730000
02/23/2010,19.260000,20.990000,19.040000,20.730000
02/24/2010,20.510000,20.890000,19.350000,19.490000
02/25/2010,22.130000,22.470000,19.480000,19.510000
02/26/2010,19.640000,20.180000,18.540000,19.160000
03/01/2010,18.580000,18.890000,17.820000,17.820000
03/02/2010,17.620000,18.430000,17.460000,18.030000
03/03/2010,17.730000,18.110000,17.730000,18.110000
03/04/2010,18.150000,18.660000,17.800000,17.930000
03/05/2010,17.330000,17.410000,16.620000,16.810000
03/08/2010,16.980000,17.450000,16.620000,16.850000
03/09/2010,17.130000,17.250000,16.510000,16.910000
03/10/2010,16.970000,17.920000,16.830000,17.850000
03/11/2010,18.490000,18.780000,17.340000,17.510000
03/12/2010,18.140000,18.670000,17.510000,17.700000
03/15/2010,18.060000,18.640000,17.390000,17.480000
03/16/2010,17.710000,17.740000,17.050000,17.170000
03/17/2010,16.660000,16.910000,16.250000,16.610000
03/18/2010,16.700000,16.890000,16.080000,16.180000
03/19/2010,16.570000,17.330000,16.380000,16.510000
03/22/2010,17.130000,17.320000,15.540000,15.540000
03/23/2010,16.000000,16.130000,15.020000,15.250000
03/24/2010,16.200000,17.400000,15.990000,16.590000
03/25/2010,16.070000,17.640000,15.520000,17.640000
03/26/2010,17.660000,17.750000,16.520000,16.910000
03/29/2010,16.580000,16.800000,15.930000,15.980000
03/30/2010,16.200000,16.790000,15.690000,15.860000
03/31/2010,16.440000,16.800000,15.990000,16.040000
04/01/2010,15.480000,17.000000,15.460000,16.160000
04/05/2010,16.460000,16.510000,15.240000,15.240000
04/06/2010,15.810000,15.850000,14.530000,14.910000
04/07/2010,15.450000,16.090000,14.870000,15.450000
04/08/2010,16.820000,16.990000,15.040000,15.190000
04/09/2010,15.260000,15.690000,15.070000,15.140000
04/12/2010,15.240000,15.470000,14.890000,15.250000
04/13/2010,15.390000,16.460000,14.860000,15.250000
04/14/2010,15.100000,15.480000,14.700000,14.700000
04/15/2010,15.350000,15.590000,14.900000,15.110000
04/16/2010,15.610000,19.130000,15.360000,17.030000
04/19/2010,16.950000,17.460000,15.130000,15.210000
04/20/2010,14.930000,15.000000,14.050000,14.260000
04/21/2010,13.950000,15.390000,13.840000,14.680000
04/22/2010,16.890000,17.050000,15.000000,15.450000
04/23/2010,15.780000,15.870000,14.950000,15.540000
04/26/2010,15.750000,16.140000,15.460000,16.080000
04/27/2010,17.180000,21.290000,16.720000,21.080000
04/28/2010,20.200000,21.330000,18.720000,19.220000
04/29/2010,17.860000,17.860000,16.300000,16.940000
04/30/2010,16.870000,20.990000,16.840000,20.980000
05/03/2010,19.620000,19.680000,17.360000,18.090000
05/04/2010,21.590000,24.210000,21.290000,22.290000
05/05/2010,25.450000,25.700000,21.690000,23.710000
05/06/2010,24.210000,39.260000,24.000000,31.120000
05/07/2010,31.150000,41.390000,31.150000,38.940000
05/10/2010,24.300000,28.520000,24.270000,26.590000
05/11/2010,28.250000,28.250000,23.970000,26.430000
05/12/2010,25.400000,25.410000,23.520000,24.170000
05/13/2010,24.180000,25.440000,23.170000,25.310000
05/14/2010,29.470000,32.070000,29.380000,29.490000
05/17/2010,28.720000,32.350000,27.790000,27.860000
05/18/2010,26.930000,32.610000,26.650000,31.510000
05/19/2010,31.960000,35.880000,31.350000,32.420000
05/20/2010,39.220000,44.200000,37.940000,43.630000
05/21/2010,45.050000,45.290000,36.730000,37.650000
05/24/2010,38.070000,38.110000,32.820000,35.190000
05/25/2010,41.110000,41.110000,32.830000,32.830000
05/26/2010,28.810000,34.330000,28.200000,34.210000
05/27/2010,29.400000,30.150000,27.970000,28.400000
05/28/2010,28.940000,32.780000,28.500000,30.830000
06/01/2010,33.100000,34.930000,30.300000,34.860000
06/02/2010,33.710000,34.130000,28.550000,28.560000
06/03/2010,28.950000,30.850000,28.400000,28.780000
06/04/2010,31.800000,35.400000,31.120000,34.380000
06/07/2010,34.930000,35.710000,33.240000,35.400000
06/08/2010,34.770000,36.530000,31.810000,32.010000
06/09/2010,31.790000,33.520000,30.000000,33.320000
06/10/2010,30.170000,31.130000,28.910000,29.680000
06/11/2010,31.220000,31.320000,27.860000,27.900000
06/14/2010,27.140000,28.190000,25.840000,27.980000
06/15/2010,26.840000,27.120000,24.750000,25.080000
06/16/2010,25.300000,25.760000,24.620000,25.370000
06/17/2010,25.770000,26.690000,24.420000,24.440000
06/18/2010,23.430000,23.700000,22.470000,22.530000
06/21/2010,21.350000,24.330000,20.960000,23.430000
06/22/2010,23.290000,25.850000,22.810000,25.610000
06/23/2010,26.600000,27.690000,25.150000,26.230000
06/24/2010,27.310000,29.640000,27.310000,29.200000
06/25/2010,29.510000,30.500000,27.310000,28.200000
06/28/2010,27.580000,28.230000,26.320000,27.060000
06/29/2010,30.920000,34.880000,30.920000,33.110000
06/30/2010,32.350000,34.240000,30.900000,33.570000
07/01/2010,33.290000,38.470000,32.590000,32.920000
07/02/2010,30.600000,32.270000,29.290000,29.700000
07/06/2010,28.300000,30.700000,27.310000,29.140000
07/07/2010,28.720000,28.830000,26.110000,26.330000
07/08/2010,25.840000,26.750000,24.760000,24.760000
07/09/2010,25.280000,25.530000,23.360000,23.540000
07/12/2010,24.420000,25.160000,24.220000,24.870000
07/13/2010,23.910000,24.400000,23.150000,23.850000
07/14/2010,25.020000,26.360000,24.100000,24.890000
07/15/2010,25.650000,27.610000,24.550000,24.840000
07/16/2010,26.790000,28.590000,26.470000,26.490000
07/19/2010,25.740000,26.540000,24.230000,25.150000
07/20/2010,26.790000,26.880000,23.470000,23.580000
07/21/2010,23.750000,26.580000,23.750000,25.450000
07/22/2010,24.090000,24.850000,23.530000,24.270000
07/23/2010,24.520000,25.080000,22.870000,23.330000
07/26/2010,23.630000,23.840000,21.790000,21.910000
07/27/2010,21.440000,22.430000,21.280000,21.620000
07/28/2010,22.890000,23.410000,22.260000,22.830000
07/29/2010,22.080000,24.790000,22.080000,22.850000
07/30/2010,24.490000,24.960000,22.590000,23.030000
08/02/2010,21.560000,21.560000,19.810000,20.080000
08/03/2010,21.210000,21.470000,20.310000,21.150000
08/04/2010,20.930000,21.660000,20.680000,20.860000
08/05/2010,22.090000,22.210000,21.230000,21.350000
08/06/2010,22.040000,23.470000,20.570000,20.620000
08/09/2010,21.200000,21.410000,20.200000,20.340000
08/10/2010,22.570000,22.950000,20.570000,20.910000
08/11/2010,25.070000,25.720000,24.370000,25.160000
08/12/2010,26.220000,26.270000,25.070000,25.730000
08/13/2010,26.310000,26.800000,25.720000,26.680000
08/16/2010,27.110000,27.110000,25.060000,25.120000
08/17/2010,24.780000,24.780000,23.050000,23.830000
08/18/2010,24.780000,25.050000,22.930000,24.300000
08/19/2010,24.380000,27.060000,24.380000,26.100000
08/20/2010,27.100000,27.160000,25.380000,25.450000
08/23/2010,24.220000,25.110000,23.470000,24.870000
08/24/2010,27.040000,28.180000,25.410000,27.090000
08/25/2010,28.420000,28.840000,26.560000,26.840000
08/26/2010,26.460000,27.810000,26.070000,27.380000
08/27/2010,27.870000,29.110000,24.450000,24.910000
08/30/2010,25.260000,26.200000,24.870000,26.080000
08/31/2010,27.630000,27.630000,25.780000,26.580000
09/01/2010,24.960000,25.000000,23.410000,23.520000
09/02/2010,24.300000,24.330000,22.630000,22.870000
09/03/2010,21.170000,21.950000,20.230000,20.240000
09/07/2010,21.820000,22.780000,21.820000,22.630000
09/08/2010,22.620000,22.960000,21.900000,22.160000
09/09/2010,21.580000,22.240000,20.990000,21.530000
09/10/2010,22.640000,22.640000,20.850000,20.890000
09/13/2010,20.550000,21.300000,20.330000,20.470000
09/14/2010,21.670000,21.710000,20.220000,20.810000
09/15/2010,22.160000,22.280000,21.170000,21.420000
09/16/2010,22.260000,22.580000,20.940000,20.960000
09/17/2010,21.060000,21.930000,20.370000,20.700000
09/20/2010,21.040000,21.120000,19.140000,19.470000
09/21/2010,20.050000,20.970000,19.340000,20.650000
09/22/2010,20.580000,21.720000,20.440000,21.010000
09/23/2010,22.510000,22.820000,21.120000,22.750000
09/24/2010,20.890000,21.150000,20.320000,20.390000
09/27/2010,20.580000,20.820000,19.880000,20.600000
09/28/2010,21.970000,22.590000,20.470000,20.680000
09/29/2010,21.280000,22.080000,21.040000,21.620000
09/30/2010,21.290000,23.530000,21.080000,22.400000
10/01/2010,21.960000,22.780000,21.000000,21.050000
10/04/2010,21.270000,22.600000,21.240000,21.640000
10/05/2010,20.830000,21.220000,19.720000,19.830000
10/06/2010,20.510000,20.540000,19.910000,19.980000
10/07/2010,20.320000,21.120000,20.190000,20.600000
10/08/2010,20.590000,20.590000,19.220000,19.740000
10/11/2010,19.930000,20.580000,19.590000,19.680000
10/12/2010,20.580000,21.110000,19.130000,19.130000
10/13/2010,19.590000,19.660000,18.830000,19.330000
10/14/2010,19.900000,21.160000,19.810000,20.250000
10/15/2010,20.070000,21.520000,19.430000,19.430000
10/18/2010,19.820000,19.820000,18.020000,18.280000
10/19/2010,19.480000,21.100000,18.790000,20.150000
10/20/2010,20.170000,20.510000,18.770000,19.240000
10/21/2010,19.120000,20.560000,18.390000,19.020000
10/22/2010,18.740000,19.320000,18.520000,18.530000
10/25/2010,18.160000,19.550000,17.990000,19.500000
10/26/2010,20.260000,20.730000,19.580000,19.640000
10/27/2010,21.110000,22.450000,20.150000,20.170000
10/28/2010,19.990000,21.420000,19.980000,20.560000
10/29/2010,21.190000,21.550000,20.880000,21.330000
11/01/2010,20.620000,21.960000,20.110000,21.210000
11/02/2010,20.680000,21.610000,20.680000,21.510000
11/03/2010,21.750000,22.340000,18.620000,18.860000
11/04/2010,18.360000,18.510000,17.900000,18.330000
11/05/2010,18.110000,18.200000,17.610000,17.760000
11/08/2010,18.400000,18.650000,16.890000,16.900000
11/09/2010,17.300000,18.350000,16.700000,18.060000
11/10/2010,18.260000,19.440000,17.390000,17.570000
11/11/2010,19.120000,19.170000,17.540000,17.680000
11/12/2010,19.030000,21.190000,18.740000,20.350000
11/15/2010,19.140000,19.590000,18.230000,19.420000
11/16/2010,20.700000,22.970000,20.430000,21.850000
11/17/2010,21.980000,21.980000,20.830000,21.350000
11/18/2010,19.790000,19.790000,18.270000,18.490000
11/19/2010,19.080000,19.550000,17.150000,17.440000
11/22/2010,18.350000,19.170000,17.050000,17.150000
11/23/2010,19.530000,20.570000,19.340000,19.540000
11/24/2010,18.290000,18.580000,17.520000,18.270000
11/26/2010,20.240000,21.790000,19.750000,21.790000
11/29/2010,21.840000,23.280000,20.140000,20.550000
11/30/2010,22.940000,23.380000,21.630000,23.220000
12/01/2010,19.910000,20.460000,19.430000,20.350000
12/02/2010,20.000000,20.100000,18.460000,18.910000
12/03/2010,18.130000,18.310000,17.130000,17.190000
12/06/2010,17.430000,17.490000,16.660000,16.750000
12/07/2010,16.350000,17.370000,16.280000,17.100000
12/08/2010,16.930000,17.570000,16.570000,16.590000
12/09/2010,16.720000,17.190000,16.160000,16.160000
12/10/2010,16.370000,16.760000,16.040000,16.520000
12/13/2010,16.360000,17.180000,16.140000,16.940000
12/14/2010,17.300000,17.360000,16.580000,16.880000
12/15/2010,17.190000,17.810000,16.950000,17.310000
12/16/2010,17.240000,17.520000,16.650000,17.260000
12/17/2010,16.880000,16.910000,15.080000,15.520000
12/20/2010,14.790000,15.710000,14.210000,14.820000
12/21/2010,14.730000,15.150000,14.380000,15.100000
12/22/2010,14.900000,15.160000,14.270000,14.370000
12/23/2010,15.000000,16.030000,14.900000,15.530000
12/27/2010,16.620000,16.730000,15.770000,15.980000
12/28/2010,16.270000,16.600000,15.950000,16.070000
12/29/2010,16.090000,16.100000,15.590000,15.960000
12/30/2010,16.360000,16.800000,16.250000,16.310000
12/31/2010,17.170000,17.410000,16.720000,17.290000
